source_page,sl_no,slide_no,latitude,longitude,slide_name,duplicate_reason
2,43,ASM/CHR/83H01/2020/001,24.92097,93.07306,Kanakpur Slide,Slide_No ASM/CHR/83H01/2020/001 appears 2 times in inventory
10,314,ASM/DIM/83C15/2017/07,25.443082,92.989873,Dalmia cement plant slide.,Slide_No ASM/DIM/83C15/2017/07 appears 2 times in inventory
10,335,ASM/DIM/83C15/2017/07,25.51402,92.765435,Dalmia cement plant slide.,Slide_No ASM/DIM/83C15/2017/07 appears 2 times in inventory
15,488,AS/KAM(M)/78N12/2023/01,26.1505375,91.72798139,Dhirenpara,Slide_No AS/KAM(M)/78N12/2023/01 appears 2 times in inventory
18,615,AS/K(M)/76N16/2024/01,26.19044,91.77502,Rudra Nagar Slide,Slide_No AS/K(M)/76N16/2024/01 appears 2 times in inventory
21,679,ASM/KAM/78N16/2020/001,26.146,91.756,Kahilipara Slide,Slide_No ASM/KAM/78N16/2020/001 appears 2 times in inventory
22,700,AS/K(M)/76N16/2024/01,26.19052,91.77499,Rudra Nagar Slide,Slide_No AS/K(M)/76N16/2024/01 appears 2 times in inventory
23,719,AS/KAM(M)/78N12/2023/01,26.150124,91.727915,Dhirenpara,Slide_No AS/KAM(M)/78N12/2023/01 appears 2 times in inventory
25,770,ASM/CHR/83H01/2020/001,24.92097,93.07306,Kanakpur Slide,Exact duplicate of record Sl.No 43 on page 2
25,773,ASM/KAM/78N16/2020/001,26.19330556,91.77725,Hirimbapur landslide,Slide_No ASM/KAM/78N16/2020/001 appears 2 times in inventory
26,805,ASM/DH/83C16/2023-24/001,25.117665,92.847709,Lower Boulsol slide,Slide_No ASM/DH/83C16/2023-24/001 appears 2 times in inventory
26,809,ASM/DH/83C16/2023-24/001,25.1644,92.994643,Duiring road slide,Slide_No ASM/DH/83C16/2023-24/001 appears 2 times in inventory
28,881,AR/PP/83E/12/2021/01,27.03106,93.62292,N/A,Slide_No AR/PP/83E/12/2021/01 appears 2 times in inventory
29,900,ARN/Papumpare/83E12/2020/0 1,27.08130556,93.61283333,N/A,Slide_No ARN/Papumpare/83E12/2020/0 1 appears 2 times in inventory
29,901,AR/PP/83E/12/2018/04,27.08155,93.61438,N/A,Slide_No AR/PP/83E/12/2018/04 appears 2 times in inventory
29,903,AR/83E/12/2021/03,27.083117,93.601735,N/A,Slide_No AR/83E/12/2021/03 appears 2 times in inventory
29,913,AR/83E/12/2021/2,27.09589,93.62284,N/A,Slide_No AR/83E/12/2021/2 appears 2 times in inventory
29,918,AR/83E/12/2018/06,27.10215,93.61371,N/A,Slide_No AR/83E/12/2018/06 appears 2 times in inventory
29,926,AR/83E/12/2021/05,27.10375,93.61529,N/A,Slide_No AR/83E/12/2021/05 appears 2 times in inventory
30,960,Arn/ Papum Pare /83E/12/2020/02,27.13469444,93.74347222,N/A,Slide_No Arn/ Papum Pare /83E/12/2020/02 appears 2 times in inventory
37,1208,Arn/ Papum Pare /83E/12/2020/02,27.13469444,93.74347222,Tigdo Slide,Slide_No Arn/ Papum Pare /83E/12/2020/02 appears 2 times in inventory
37,1209,ARN/Papumpare/83E12/2020/0 1,27.08130556,93.61283333,Donyi Slide,Slide_No ARN/Papumpare/83E12/2020/0 1 appears 2 times in inventory
37,1210,AR/ES/82P/8/2021/01,28.14116,95.27472,Renging,Slide_No AR/ES/82P/8/2021/01 appears 2 times in inventory
37,1211,AR/ES/82P/8/2021/02,28.14251,95.27439,Renging,Slide_No AR/ES/82P/8/2021/02 appears 2 times in inventory
37,1212,AR/PP/83E/12/2021/01,27.03106,93.62292,Chimpu-Hollongi Road,Slide_No AR/PP/83E/12/2021/01 appears 2 times in inventory
37,1213,AR/83E/12/2021/2,27.09589,93.62284,D-Sector,Slide_No AR/83E/12/2021/2 appears 2 times in inventory
37,1214,AR/83E/12/2021/03,27.083117,93.601735,Chandranagar,Slide_No AR/83E/12/2021/03 appears 2 times in inventory
37,1215,AR/PP/83E/12/2018/04,27.08155,93.61438,Donyi-Ruchi,Slide_No AR/PP/83E/12/2018/04 appears 2 times in inventory
37,1216,AR/83E/12/2021/05,27.10375,93.61529,Sanki-I,Slide_No AR/83E/12/2021/05 appears 2 times in inventory
37,1217,AR/83E/12/2018/06,27.10215,93.61371,Sanki-II,Slide_No AR/83E/12/2018/06 appears 2 times in inventory
41,1388,AR/ANJ/92A05/2014/18,27.91164,96.34269,NA,Slide_No AR/ANJ/92A05/2014/18 appears 2 times in inventory
42,1420,AR/ANJ/92A05/2014/18,27.98747,96.41133,NA,Slide_No AR/ANJ/92A05/2014/18 appears 2 times in inventory
42,1428,AR/ANJ/91D08/2014/15,28.01661,96.44172,78 km slide,Slide_No AR/ANJ/91D08/2014/15 appears 2 times in inventory
42,1429,AR/ANJ/91D08/2014/16,28.01781,96.44275,NA,Slide_No AR/ANJ/91D08/2014/16 appears 2 times in inventory
42,1443,AR/ANJ/91D08/2014/15,28.05939,96.48397,78 km slide,Slide_No AR/ANJ/91D08/2014/15 appears 2 times in inventory
42,1447,AR/ANJ/91D08/2014/16,28.06006,96.44636,NA,Slide_No AR/ANJ/91D08/2014/16 appears 2 times in inventory
44,1515,AR/ES/82P/8/2021/01,28.14116,95.27472,N/A,Slide_No AR/ES/82P/8/2021/01 appears 2 times in inventory
45,1519,AR/ES/82P/8/2021/02,28.14251,95.27439,N/A,Slide_No AR/ES/82P/8/2021/02 appears 2 times in inventory
52,1771,ARA/DIB/82P15/2024/01,28.38919722,95.92776111,N/A,Slide_No ARA/DIB/82P15/2024/01 appears 2 times in inventory
57,1941,ARA/DIB/82P15/2024/01,28.38919722,95.92776111,Abrali Slide,Slide_No ARA/DIB/82P15/2024/01 appears 2 times in inventory
59,2084,AP/VIS/65J16/2018/1,18.246003,82.997139,NA,Slide_No AP/VIS/65J16/2018/1 appears 2 times in inventory
59,2088,AP/VIS/65J15/2018/9,18.254817,82.991942,NA,Slide_No AP/VIS/65J15/2018/9 appears 2 times in inventory
60,2093,AP/VIS/65J15/2018/9,18.268203,82.997358,NA,Slide_No AP/VIS/65J15/2018/9 appears 2 times in inventory
60,2105,AP/VIS/65J16/2018/1,18.308125,82.852928,NA,Slide_No AP/VIS/65J16/2018/1 appears 2 times in inventory
102,4109,HP/SHI/53E12/2016/1,31.09796,77.63983,NA,Slide_No HP/SHI/53E12/2016/1 appears 2 times in inventory
105,4232,HP/SHI/53E12/2016/1,31.117109,77.503708,NA,Slide_No HP/SHI/53E12/2016/1 appears 2 times in inventory
123,4986,HP/BIL/53A11/2018/41,31.318553,76.535858,NA,Slide_No HP/BIL/53A11/2018/41 appears 2 times in inventory
126,5133,HP/BIL/53A11/2018/41,31.372884,76.606182,NA,Slide_No HP/BIL/53A11/2018/41 appears 2 times in inventory
133,5483,HP/BIL/53A11/2018/36,31.465745,76.708196,NA,Slide_No HP/BIL/53A11/2018/36 appears 2 times in inventory
133,5512,HP/BIL/53A11/2018/39,31.473431,76.725488,NA,Slide_No HP/BIL/53A11/2018/39 appears 2 times in inventory
134,5516,HP/BIL/53A11/2018/36,31.47428,76.70677,NA,Slide_No HP/BIL/53A11/2018/36 appears 2 times in inventory
135,5567,HP/BIL/53A11/2018/39,31.48635,76.745336,NA,Slide_No HP/BIL/53A11/2018/39 appears 2 times in inventory
141,5830,HP/KUL/53E06/2016/54,31.574,77.31,NA,Slide_No HP/KUL/53E06/2016/54 appears 2 times in inventory
147,6133,HP/KUL/53E06/2016/54,31.712599,77.251876,NA,Slide_No HP/KUL/53E06/2016/54 appears 2 times in inventory
150,6264,HP/KAN/52D08/2018/33,31.77477,76.29727,NA,Slide_No HP/KAN/52D08/2018/33 appears 2 times in inventory
152,6361,HP/KAN/52D08/2018/23,31.8084,76.37702,MANED,Slide_No HP/KAN/52D08/2018/23 appears 2 times in inventory
155,6510,HP/KAN/52D08/2018/8,31.8491,76.3448,NA,Slide_No HP/KAN/52D08/2018/8 appears 2 times in inventory
155,6513,HP/KAN/52D08/2018/27,31.84937,76.34563,NA,Slide_No HP/KAN/52D08/2018/27 appears 2 times in inventory
155,6524,HP/KAN/52D08/2018/6,31.8504,76.34558,NA,Slide_No HP/KAN/52D08/2018/6 appears 2 times in inventory
155,6525,HP/KAN/52D08/2018/31,31.85044,76.34003,NA,Slide_No HP/KAN/52D08/2018/31 appears 2 times in inventory
155,6526,HP/KAN/52D08/2018/70,31.85063,76.3399,NA,Slide_No HP/KAN/52D08/2018/70 appears 2 times in inventory
155,6530,HP/KAN/52D08/2018/32,31.85096,76.33942,NA,Slide_No HP/KAN/52D08/2018/32 appears 2 times in inventory
155,6532,HP/KAN/52D08/2018/22,31.85157,76.33873,NA,Slide_No HP/KAN/52D08/2018/22 appears 2 times in inventory
155,6545,HP/KAN/52D08/2018/7,31.85319,76.33794,NA,Slide_No HP/KAN/52D08/2018/7 appears 2 times in inventory
155,6548,HP/KAN/52D08/2018/29,31.85369,76.33789,NA,Slide_No HP/KAN/52D08/2018/29 appears 2 times in inventory
155,6550,HP/KAN/52D08/2018/30,31.853939,76.338689,NA,Slide_No HP/KAN/52D08/2018/30 appears 2 times in inventory
155,6554,HP/KAN/52D08/2018/25,31.85441,76.33808,NA,Slide_No HP/KAN/52D08/2018/25 appears 2 times in inventory
156,6564,HP/KAN/52D08/2018/34,31.85651,76.33841,NA,Slide_No HP/KAN/52D08/2018/34 appears 2 times in inventory
156,6567,HP/KAN/52D08/2018/26,31.85668,76.33912,RAJHAUN KHAS,Slide_No HP/KAN/52D08/2018/26 appears 2 times in inventory
156,6568,HP/KAN/52D08/2018/24,31.85683,76.33517,NA,Slide_No HP/KAN/52D08/2018/24 appears 2 times in inventory
158,6665,HP/KAN/52D08/2018/4,31.89548,76.30475,NA,Slide_No HP/KAN/52D08/2018/4 appears 2 times in inventory
158,6666,HP/KAN/52D08/2018/5,31.89548,76.30475,NA,Slide_No HP/KAN/52D08/2018/5 appears 2 times in inventory
159,6727,HP/KAN/52D08/2018/28,31.93777,76.26608,NA,Slide_No HP/KAN/52D08/2018/28 appears 2 times in inventory
167,7129,HP/KAN/52D08/2018/31,32.17397,76.30778,NA,Slide_No HP/KAN/52D08/2018/31 appears 2 times in inventory
167,7131,HP/KAN/52D08/2018/7,32.17482,76.30753,NA,Slide_No HP/KAN/52D08/2018/7 appears 2 times in inventory
168,7148,HP/KAN/52D08/2018/25,32.18242,76.40909,NA,Slide_No HP/KAN/52D08/2018/25 appears 2 times in inventory
168,7157,HP/KAN/52D08/2018/70,32.188076,76.39143,NA,Slide_No HP/KAN/52D08/2018/70 appears 2 times in inventory
168,7162,HP/KAN/52D08/2018/34,32.19309,76.38886,NA,Slide_No HP/KAN/52D08/2018/34 appears 2 times in inventory
168,7163,HP/KAN/52D08/2018/33,32.19564,76.3786,NA,Slide_No HP/KAN/52D08/2018/33 appears 2 times in inventory
168,7170,HP/KAN/52D08/2018/5,32.20018,76.32545,NA,Slide_No HP/KAN/52D08/2018/5 appears 2 times in inventory
168,7171,HP/KAN/52D08/2018/22,32.2002,76.32652,NA,Slide_No HP/KAN/52D08/2018/22 appears 2 times in inventory
168,7177,HP/KAN/52D08/2018/4,32.20217,76.3265,NA,Slide_No HP/KAN/52D08/2018/4 appears 2 times in inventory
169,7222,HP/KAN/52D08/2018/28,32.22373,76.3402,NA,Slide_No HP/KAN/52D08/2018/28 appears 2 times in inventory
169,7223,HP/KAN/52D08/2018/29,32.22388,76.34107,NA,Slide_No HP/KAN/52D08/2018/29 appears 2 times in inventory
169,7227,HP/KAN/52D08/2018/27,32.22505,76.34125,NA,Slide_No HP/KAN/52D08/2018/27 appears 2 times in inventory
169,7231,HP/KAN/52D08/2018/26,32.22568,76.34243,RAJHAUN KHAS,Slide_No HP/KAN/52D08/2018/26 appears 2 times in inventory
170,7264,HP/KAN/52D08/2018/23,32.23052,76.3182,MANED,Slide_No HP/KAN/52D08/2018/23 appears 2 times in inventory
170,7266,HP/KAN/52D08/2018/6,32.23127,76.31015,NA,Slide_No HP/KAN/52D08/2018/6 appears 2 times in inventory
170,7272,HP/KAN/52D08/2018/32,32.23292,76.31555,NA,Slide_No HP/KAN/52D08/2018/32 appears 2 times in inventory
170,7277,HP/KAN/52D08/2018/30,32.2341,76.31753,NA,Slide_No HP/KAN/52D08/2018/30 appears 2 times in inventory
171,7298,HP/KAN/52D08/2018/24,32.24157,76.31438,NA,Slide_No HP/KAN/52D08/2018/24 appears 2 times in inventory
171,7330,HP/KAN/52D08/2018/8,32.24817,76.2886,NA,Slide_No HP/KAN/52D08/2018/8 appears 2 times in inventory
189,8136,H.P./ Lahaul & Spiti/01/2023/Lindoor,32.64816667,76.87308333,#N/A,Slide_No H.P./ Lahaul & Spiti/01/2023/Lindoor appears 2 times in inventory
189,8144,H.P./ Lahaul & Spiti/01/2023/Lindoor,32.65127778,76.87586111,#N/A,Slide_No H.P./ Lahaul & Spiti/01/2023/Lindoor appears 2 times in inventory
200,8555,H.P./SOL/53F01/2018,30.90223333,77.01810278,RD Km 84+550m Dharampur,Slide_No H.P./SOL/53F01/2018 appears 2 times in inventory
201,8569,H.P./SOL/53F01/2018,30.99683056,75.15313889,Sadupul,Slide_No H.P./SOL/53F01/2018 appears 2 times in inventory
203,8629,HP/MAN/53A14/2023/,31.70522,76.933442,Tarna Hill debris slide,Slide_No HP/MAN/53A14/2023/ appears 2 times in inventory
203,8630,HP/MAN/53A14/2023/,31.700833,76.927222,---,Slide_No HP/MAN/53A14/2023/ appears 2 times in inventory
203,8632,HP/MAN/53A13/2023/,31.704166,76.723611,Tatih debris slide,Slide_No HP/MAN/53A13/2023/ appears 18 times in inventory
203,8634,HP/MAN/53A13/2023/,31.79333,76.76222,Banal Slide,Slide_No HP/MAN/53A13/2023/ appears 18 times in inventory
203,8635,HP/MAN/53A13/2023/,31.78944,76.75555,---,Slide_No HP/MAN/53A13/2023/ appears 18 times in inventory
204,8636,HP/MAN/53A13/2023/,31.789722,76.754722,---,Slide_No HP/MAN/53A13/2023/ appears 18 times in inventory
204,8637,HP/MAN/53A13/2023/,31.782631,76.755115,---,Slide_No HP/MAN/53A13/2023/ appears 18 times in inventory
204,8638,HP/MAN/53A13/2023/,31.78222222,76.75055556,---,Slide_No HP/MAN/53A13/2023/ appears 18 times in inventory
204,8639,HP/MAN/53A13/2023/,31.781418,76.756217,---,Slide_No HP/MAN/53A13/2023/ appears 18 times in inventory
204,8640,HP/MAN/53A13/2023/,31.78,76.77055,Didnu Debris Slide,Slide_No HP/MAN/53A13/2023/ appears 18 times in inventory
204,8641,HP/MAN/53A13/2023/,31.78083,76.77722,Baral Slide,Slide_No HP/MAN/53A13/2023/ appears 18 times in inventory
204,8642,HP/MAN/53A13/2023/,31.78527778,76.78305556,---,Slide_No HP/MAN/53A13/2023/ appears 18 times in inventory
204,8643,HP/MAN/53A13/2023/,31.79611,76.785,Maloh Slide,Slide_No HP/MAN/53A13/2023/ appears 18 times in inventory
204,8644,HP/MAN/53A13/2023/,31.783611,76.7825,Langerh Slide,Slide_No HP/MAN/53A13/2023/ appears 18 times in inventory
204,8645,HP/MAN/53A13/2023/,31.756241,76.791823,Brahma Falad Slide,Slide_No HP/MAN/53A13/2023/ appears 18 times in inventory
204,8646,HP/MAN/53A13/2023/,31.75833,76.773055,Chanauta Slide,Slide_No HP/MAN/53A13/2023/ appears 18 times in inventory
204,8647,HP/MAN/53A13/2023/,31.76694,76.7675,Bhadyar Slide,Slide_No HP/MAN/53A13/2023/ appears 18 times in inventory
204,8648,HP/MAN/53A13/2023/,31.7675,76.76527,---,Slide_No HP/MAN/53A13/2023/ appears 18 times in inventory
204,8649,HP/MAN/53A13/2023/,31.761944,76.768333,Brang slide,Slide_No HP/MAN/53A13/2023/ appears 18 times in inventory
204,8650,HP/MAN/53A13/2023/,31.76722,76.77583,Bhadyar slide,Slide_No HP/MAN/53A13/2023/ appears 18 times in inventory
204,8651,HP/MAN/53A15/2023/,31.480833,76.963333,Phagwaon slide,Slide_No HP/MAN/53A15/2023/ appears 2 times in inventory
204,8652,HP/MAN/53A15/2023/,31.466111,76.944166,Doldhar slide,Slide_No HP/MAN/53A15/2023/ appears 2 times in inventory
204,8661,HP/Man-kul/2024/2,31.759575,77.20756667,Banala,Slide_No HP/Man-kul/2024/2 appears 2 times in inventory
204,8663,HP/Man-kul/2024/2,31.8254,77.17297778,Jhiri,Slide_No HP/Man-kul/2024/2 appears 2 times in inventory
204,8665,HP/Man-kul/2024/6,31.99953056,77.1265,Seobagh,Slide_No HP/Man-kul/2024/6 appears 4 times in inventory
204,8666,HP/Man-kul/2024/6,31.71223611,77.31291389,15- Mile,Slide_No HP/Man-kul/2024/6 appears 4 times in inventory
204,8667,HP/Man-kul/2024/6,32.18584167,77.18534167,Kalath,Slide_No HP/Man-kul/2024/6 appears 4 times in inventory
204,8668,HP/Man-kul/2024/6,32.23295833,77.1874,Volvo Bus Stand,Slide_No HP/Man-kul/2024/6 appears 4 times in inventory
204,8670,HP/MAN/53E02/2024/,31.72176667,77.010675,Garhan Slide (Chainage 204+200),Slide_No HP/MAN/53E02/2024/ appears 3 times in inventory
205,8671,HP/MAN/53E02/2024/,31.69748889,77.03721944,Jagar Slide (Chainage 208+260),Slide_No HP/MAN/53E02/2024/ appears 3 times in inventory
205,8672,HP/MAN/53E02/2024/,31.68921944,77.04186111,Soja Slide (Chainage 209+450),Slide_No HP/MAN/53E02/2024/ appears 3 times in inventory
205,8673,HP/SOL/53B13/2023/01,30.84638889,76.99527778,Datyar Slide,Slide_No HP/SOL/53B13/2023/01 appears 4 times in inventory
205,8674,HP/SOL/53B13/2023/01,30.88666667,77.00472222,Dimple Dhaba & AAA Slide,Slide_No HP/SOL/53B13/2023/01 appears 4 times in inventory
205,8675,HP/SHI/53E04/2023/,31.09722222,77.15361111,"Tutikandi, Bangali Bagicha Landslide in Shimla Urban Slide",Slide_No HP/SHI/53E04/2023/ appears 14 times in inventory
205,8676,HP/SHI/53E04/2023/,31.09527778,77.17027778,Rajvir Motors Landslide in Shimla Urban Slide,Slide_No HP/SHI/53E04/2023/ appears 14 times in inventory
205,8677,HP/SHI/53E04/2023/,31.1075,77.16305556,Comely Bank,Slide_No HP/SHI/53E04/2023/ appears 14 times in inventory
205,8678,HP/SOL/53B13/2023/01,31.10333333,77.14111111,Indian Institute of Advanced Study,Slide_No HP/SOL/53B13/2023/01 appears 4 times in inventory
205,8679,HP/SOL/53B13/2023/01,31.1075,77.16305556,Vidhan Sabha,Slide_No HP/SOL/53B13/2023/01 appears 4 times in inventory
205,8680,HP/SHI/53E04/2023/,30.92333333,77.11111111,Mohan Mekin Landslide,Slide_No HP/SHI/53E04/2023/ appears 14 times in inventory
205,8681,HP/SHI/53E04/2023/,30.9425,77.12916667,Mansar Landslide,Slide_No HP/SHI/53E04/2023/ appears 14 times in inventory
205,8682,HP/SHI/53E04/2023/,30.99120833,77.09283333,Karibangla,Slide_No HP/SHI/53E04/2023/ appears 14 times in inventory
205,8683,HP/SHI/53E04/2023/,31.11972222,77.33472222,Nangal Devi,Slide_No HP/SHI/53E04/2023/ appears 14 times in inventory
205,8684,HP/SHI/53E04/2023/,31.12694444,77.33944444,Himfed Petrol Pump,Slide_No HP/SHI/53E04/2023/ appears 14 times in inventory
205,8685,HP/SHI/53E04/2023/,31.12833333,77.34888889,Rahighat-Kiartoo Slide,Slide_No HP/SHI/53E04/2023/ appears 14 times in inventory
205,8686,HP/SHI/53E04/2023/,31.485,77.69055556,Barauni Nala,Slide_No HP/SHI/53E04/2023/ appears 14 times in inventory
205,8687,HP/SHI/53E04/2023/,31.53866667,77.78386389,Jeori,Slide_No HP/SHI/53E04/2023/ appears 14 times in inventory
205,8688,HP/SHI/53E04/2023/,31.53866667,77.78386389,Chaura,Slide_No HP/SHI/53E04/2023/ appears 14 times in inventory
205,8689,HP/SHI/53E04/2023/,31.56230833,77.98207222,Nathpa,Slide_No HP/SHI/53E04/2023/ appears 14 times in inventory
205,8690,HP/SHI/53E04/2023/,31.53944444,78.01388889,Panvi,Slide_No HP/SHI/53E04/2023/ appears 14 times in inventory
205,8711,HP/KUL/53E7/2023/20,31.51826667,77.41673333,Kot Nala,Slide_No HP/KUL/53E7/2023/20 appears 2 times in inventory
205,8712,HP/KUL/53E7/2023/20,31.48377778,77.42308333,Falela Nala,Slide_No HP/KUL/53E7/2023/20 appears 2 times in inventory
295,12685,KA/DK/48L13/2024/01,12.93978611,74.93526667,Bellibetta,Slide_No KA/DK/48L13/2024/01 appears 2 times in inventory
296,12696,KA/DK/48L13/2024/01,12.92379167,74.9106,Kethikal Landslide,Slide_No KA/DK/48L13/2024/01 appears 2 times in inventory
298,12805,KA/DK/48L13/2025/028,12.812253,74.892171,--,Slide_No KA/DK/48L13/2025/028 appears 2 times in inventory
298,12806,KA/DK/48L13/2025/028,12.830346,74.902801,--,Slide_No KA/DK/48L13/2025/028 appears 2 times in inventory
300,12854,3223,12.47756111,75.583875,NA,Slide_No 3223 appears 2 times in inventory
300,12855,3223,12.47756111,75.583875,Koyanad,Slide_No 3223 appears 2 times in inventory
329,13962,KER/IDK/58G01/2018/04,9.9509,77.0795,Kallimali,Slide_No KER/IDK/58G01/2018/04 appears 2 times in inventory
329,13963,KER/IDK/58G01/2018/05,9.974,76.9968,Kallarkutty,Slide_No KER/IDK/58G01/2018/05 appears 2 times in inventory
330,14006,KRL/PKD/58B9/2018/01,10.97659,76.55491,Paypullu,Slide_No KRL/PKD/58B9/2018/01 appears 2 times in inventory
330,14007,KRL/PKD/58B9/2018/02,10.97039,76.57454,Kundampotti-Vattapara,Slide_No KRL/PKD/58B9/2018/02 appears 2 times in inventory
339,14215,KRL/PKD/58B9/2018/01,10.911788,76.551438,Kalladikkode Vadakke colony slide,Slide_No KRL/PKD/58B9/2018/01 appears 2 times in inventory
339,14216,KRL/PKD/58B9/2018/02,10.843375,76.728583,Parachatti debris flow,Slide_No KRL/PKD/58B9/2018/02 appears 2 times in inventory
342,14350,1,9.947797222,76.95000278,Thallakkanam,Slide_No 1 appears 8 times in inventory
342,14351,2,9.947933333,76.95058333,Thallakkanam II,Slide_No 2 appears 5 times in inventory
342,14352,3,9.929027778,76.96697222,Periyar Valley,Slide_No 3 appears 5 times in inventory
342,14353,4,9.874508333,76.97758333,Periyar Valley II,Slide_No 4 appears 4 times in inventory
342,14354,5,9.925294444,76.976025,Periyar Valley III,Slide_No 5 appears 4 times in inventory
342,14355,6,9.925441667,76.97551944,Periyar Valley IV,Slide_No 6 appears 4 times in inventory
342,14356,7,9.925702778,76.975075,Periyar Valley V,Slide_No 7 appears 4 times in inventory
342,14357,8,9.916530556,76.95723611,Churuli,Slide_No 8 appears 4 times in inventory
342,14358,9,9.915105556,76.95836944,Churuli,Slide_No 9 appears 3 times in inventory
342,14359,10,9.906341667,76.96655278,Attikkalam,Slide_No 10 appears 3 times in inventory
342,14360,11,9.999655556,76.88377222,Thattekanni I,Slide_No 11 appears 3 times in inventory
343,14361,12,9.998816667,76.88659167,Thattekanni II,Slide_No 12 appears 3 times in inventory
343,14362,13,9.998091667,76.88803333,Thattekanni III,Slide_No 13 appears 3 times in inventory
343,14363,14,9.996919444,76.8906,Thattekanni IV,Slide_No 14 appears 3 times in inventory
343,14364,15,9.995144444,76.895,Thattekanni V,Slide_No 15 appears 3 times in inventory
343,14365,16,9.988547222,76.90524722,Thattekanni VI,Slide_No 16 appears 3 times in inventory
343,14366,17,9.986955556,76.90802222,Thattekanni VII,Slide_No 17 appears 3 times in inventory
343,14367,18,9.985438889,76.91070833,Thattekanni VIII,Slide_No 18 appears 3 times in inventory
343,14368,19,9.984905556,76.91116111,Kudakkallu,Slide_No 19 appears 3 times in inventory
343,14369,20,9.984652778,76.91204444,Kudakkallu II,Slide_No 20 appears 3 times in inventory
343,14370,21,9.982730556,76.91701667,Kudakkallu III,Slide_No 21 appears 4 times in inventory
343,14371,22,9.976441667,76.92743333,Pambla,Slide_No 22 appears 4 times in inventory
343,14372,23,9.972691667,76.93636111,Pambla II,Slide_No 23 appears 4 times in inventory
343,14373,24,9.964275,76.94714722,Pambla III,Slide_No 24 appears 4 times in inventory
343,14374,25,9.954502778,76.97307222,Pambla IV,Slide_No 25 appears 4 times in inventory
343,14375,26,9.953966667,76.97423889,Pambla V,Slide_No 26 appears 4 times in inventory
343,14376,27,9.934419444,76.97129444,Periyar Valley Chappath,Slide_No 27 appears 4 times in inventory
343,14377,28,9.937847222,76.97359167,Periyar Valley Chappath II,Slide_No 28 appears 4 times in inventory
343,14378,29,9.939980556,76.97325556,Keerithode,Slide_No 29 appears 4 times in inventory
343,14379,30,9.9378,76.96460556,Keerithode Junction,Slide_No 30 appears 4 times in inventory
343,14380,31,9.971438889,76.89408056,Thattekallu I,Slide_No 31 appears 3 times in inventory
343,14381,32,9.970847222,76.89462222,Thattekallu II,Slide_No 32 appears 3 times in inventory
343,14382,33,9.969144444,76.8991,Thattekallu III,Slide_No 33 appears 3 times in inventory
343,14383,34,9.914976,76.963041,Chelachuvadu,Slide_No 34 appears 3 times in inventory
343,14384,35,9.915236,76.963416,Chelachuvadu II,Slide_No 35 appears 3 times in inventory
343,14385,36,9.913324,76.964216,Chelachuvadu III,Slide_No 36 appears 3 times in inventory
343,14386,37,9.911005,76.969627,Chelachuvadu IV,Slide_No 37 appears 3 times in inventory
343,14387,38,9.911038,76.970174,Chelachuvadu V,Slide_No 38 appears 3 times in inventory
343,14388,39,9.909008,76.974146,Periyar Valley Bridge II,Slide_No 39 appears 3 times in inventory
343,14389,40,9.908645,76.974326,Periyar Valley Bridge III,Slide_No 40 appears 3 times in inventory
343,14390,41,9.908482,76.965126,Churuli,Slide_No 41 appears 3 times in inventory
343,14391,42,9.909522,76.963546,Churuli II,Slide_No 42 appears 3 times in inventory
343,14392,43,9.912153,76.958793,Churuli III,Slide_No 43 appears 3 times in inventory
343,14393,44,9.906263,76.967401,Karimban Kaanam,Slide_No 44 appears 3 times in inventory
343,14394,45,9.90637,76.96773,Karimban Kaanam II,Slide_No 45 appears 3 times in inventory
344,14395,46,9.90698,76.965454,Karimban Kaanam III,Slide_No 46 appears 3 times in inventory
344,14396,47,9.913159,76.958298,Churuli IV,Slide_No 47 appears 3 times in inventory
344,14397,48,9.920033,76.95461,Churuli V,Slide_No 48 appears 3 times in inventory
344,14398,49,9.920187,76.951511,Churuli VI,Slide_No 49 appears 3 times in inventory
344,14399,50,9.923021,76.950735,Churuli VII,Slide_No 50 appears 3 times in inventory
344,14400,51,9.921815,76.951284,Churuli VIII,Slide_No 51 appears 3 times in inventory
344,14401,52,9.932914,76.9438,Churulipathal,Slide_No 52 appears 3 times in inventory
344,14402,53,9.940399,76.93293,Churulipathal I,Slide_No 53 appears 3 times in inventory
344,14403,54,9.950146,76.919921,Mazhuvady,Slide_No 54 appears 3 times in inventory
344,14404,55,9.949778,76.917913,Mazhuvady II,Slide_No 55 appears 3 times in inventory
344,14405,56,9.949889,76.91754,Mazhuvady III,Slide_No 56 appears 3 times in inventory
344,14406,57,9.955556,76.936375,Punnayar,Slide_No 57 appears 3 times in inventory
344,14407,58,9.956065,76.936058,Punnayar II,Slide_No 58 appears 3 times in inventory
344,14408,59,9.954856,76.938605,Punnayar III,Slide_No 59 appears 3 times in inventory
344,14409,60,9.953476,76.942736,Punnayar IV,Slide_No 60 appears 3 times in inventory
344,14410,61,9.953572,76.941889,Punnayar V,Slide_No 61 appears 3 times in inventory
344,14411,62,9.931077,76.937972,Alpara Temple Road,Slide_No 62 appears 3 times in inventory
344,14412,63,9.928786,76.938506,Alpara,Slide_No 63 appears 3 times in inventory
344,14413,64,9.928277,76.939113,Alpara II,Slide_No 64 appears 3 times in inventory
344,14414,65,9.925144,76.941602,Alpara III,Slide_No 65 appears 3 times in inventory
344,14415,66,9.920498,76.949252,Alpara IV,Slide_No 66 appears 3 times in inventory
344,14416,67,9.91551,76.948985,Alpara V,Slide_No 67 appears 3 times in inventory
344,14417,68,9.956893,76.927282,Vakachuvadu,Slide_No 68 appears 3 times in inventory
344,14418,69,9.960342,76.91057,Mazhuvadi,Slide_No 69 appears 3 times in inventory
344,14419,70,9.959758,76.908442,Vandanmedukavala,Slide_No 70 appears 3 times in inventory
344,14420,71,9.955435,76.908846,Vandanmedukavala,Slide_No 71 appears 3 times in inventory
344,14421,72,9.973051,76.856386,Blathykavala,Slide_No 72 appears 3 times in inventory
344,14422,73,9.973333,76.856105,Blathykavala,Slide_No 73 appears 3 times in inventory
344,14423,74,9.970695,76.858999,Blathykavala,Slide_No 74 appears 3 times in inventory
344,14424,75,9.96618,76.906191,Pazhayarikandam,Slide_No 75 appears 3 times in inventory
344,14425,76,9.942424,76.942242,Edakkad,Slide_No 76 appears 3 times in inventory
344,14426,77,9.933787,76.950753,Edakkad II,Slide_No 77 appears 3 times in inventory
345,14427,78,9.930246,76.953367,Edakkad III,Slide_No 78 appears 3 times in inventory
345,14428,79,9.92677,76.954112,Edakkad IV,Slide_No 79 appears 3 times in inventory
345,14429,80,9.927042,76.953977,Edakkad V,Slide_No 80 appears 3 times in inventory
345,14430,81,9.925901,76.954399,Edakkad VI,Slide_No 81 appears 3 times in inventory
345,14431,82,9.91931,76.956101,Churuli IX,Slide_No 82 appears 3 times in inventory
345,14432,83,9.919152,76.955371,Churuli Junction,Slide_No 83 appears 3 times in inventory
345,14433,84,9.947447222,76.94920833,Thallakkanam,Slide_No 84 appears 3 times in inventory
345,14434,85,9.937797222,76.96202222,Keerithode,Slide_No 85 appears 2 times in inventory
345,14435,86,9.973705418,76.8589795,Balannaadu,Slide_No 86 appears 2 times in inventory
345,14436,87,9.923592778,76.98260278,Rajapuram,Slide_No 87 appears 2 times in inventory
359,14908,1,9.848525,77.161483,Parivathanamedu I,Slide_No 1 appears 8 times in inventory
359,14909,2,9.842312,77.160549,Parivathanamedu I I,Slide_No 2 appears 5 times in inventory
359,14910,3,9.842529,77.160514,Parivathanamedu I II,Slide_No 3 appears 5 times in inventory
359,14911,4,9.847146,77.159369,Parivathanamedu IV,Slide_No 4 appears 4 times in inventory
359,14912,5,9.841301,77.1688,5 Acre Kanam,Slide_No 5 appears 4 times in inventory
359,14913,6,9.838144,77.18461,Mathaikada I,Slide_No 6 appears 4 times in inventory
359,14914,7,9.83882,77.153524,Mathaikada II,Slide_No 7 appears 4 times in inventory
359,14915,8,9.83811,77.18514,Mathaikkada III,Slide_No 8 appears 4 times in inventory
359,14916,9,9.851827,77.204249,Palar,Slide_No 9 appears 3 times in inventory
359,14917,10,9.854614,77.206592,Pallipadi,Slide_No 10 appears 3 times in inventory
360,14918,11,9.837212,77.173549,Kunnukuzhi,Slide_No 11 appears 3 times in inventory
360,14919,12,9.886393,77.120748,Asokavanam,Slide_No 12 appears 3 times in inventory
360,14920,13,9.878588,77.159847,Parathodu,Slide_No 13 appears 3 times in inventory
360,14921,14,9.880659,77.145568,Parathodu- 40th Acre I,Slide_No 14 appears 3 times in inventory
360,14922,15,9.880827,77.123401,Mavadi,Slide_No 15 appears 3 times in inventory
360,14923,16,9.880616,77.122442,Puthukkal I,Slide_No 16 appears 3 times in inventory
360,14924,17,9.881169,77.120732,Puthukkal II,Slide_No 17 appears 3 times in inventory
360,14925,18,9.882046,77.120674,Amblakkavala,Slide_No 18 appears 3 times in inventory
360,14926,19,9.893207,77.169231,Kilavikulam - I,Slide_No 19 appears 3 times in inventory
360,14927,20,9.896136,77.17327,Kilavikulam - II,Slide_No 20 appears 3 times in inventory
360,14928,21,9.912176,77.176511,Chappath,Slide_No 21 appears 4 times in inventory
360,14929,22,9.918204,77.166852,Karakunnu,Slide_No 22 appears 4 times in inventory
360,14930,23,9.923082,77.159007,Chemmnnar- I,Slide_No 23 appears 4 times in inventory
360,14931,24,9.929417,77.123704,Arattupara,Slide_No 24 appears 4 times in inventory
360,14932,25,9.928599,77.121639,Mavara City -I,Slide_No 25 appears 4 times in inventory
360,14933,26,9.926836,77.123159,Mavara City - II,Slide_No 26 appears 4 times in inventory
360,14934,27,9.926536,77.126202,Mavara City - III,Slide_No 27 appears 4 times in inventory
360,14935,28,9.926579,77.117961,Vattakannippara -I,Slide_No 28 appears 4 times in inventory
360,14936,29,9.916541,77.114532,Vattakannippara -II,Slide_No 29 appears 4 times in inventory
360,14937,30,9.914051,77.115246,Vattakannippara -III,Slide_No 30 appears 4 times in inventory
360,14938,31,9.92214,77.14932,Chemmannar -II,Slide_No 31 appears 3 times in inventory
360,14939,32,9.923232,77.148288,Chemmannar -III,Slide_No 32 appears 3 times in inventory
360,14940,33,9.927923,77.135537,Pallikunnu,Slide_No 33 appears 3 times in inventory
360,14941,34,9.933582,77.111196,St. Sebastian Sleeba Church,Slide_No 34 appears 3 times in inventory
360,14942,35,9.913188,77.115833,Thinkalkadu I,Slide_No 35 appears 3 times in inventory
360,14943,36,9.912635,77.113277,Thinkalkadu II,Slide_No 36 appears 3 times in inventory
360,14944,37,9.91488,77.10647,Thinkalkadu III,Slide_No 37 appears 3 times in inventory
360,14945,38,9.914315,77.110644,Thinkalkadu IV,Slide_No 38 appears 3 times in inventory
360,14946,39,9.914315,77.110644,Thinkalkadu V,Slide_No 39 appears 3 times in inventory
360,14947,40,9.91506,77.078826,Thinkalkadu VI,Slide_No 40 appears 3 times in inventory
360,14948,41,9.914739,77.109325,Thinkalkadu VII,Slide_No 41 appears 3 times in inventory
360,14949,42,9.913768,77.109847,Thinkalkadu VIII,Slide_No 42 appears 3 times in inventory
361,14950,43,9.914919,77.106482,Thinkalkadu IX,Slide_No 43 appears 3 times in inventory
361,14951,44,9.900049,77.111063,Kailalasam,Slide_No 44 appears 3 times in inventory
361,14952,45,9.966702,77.157571,Rajakumari,Slide_No 45 appears 3 times in inventory
361,14953,46,9.970397,77.159209,Pallipadi,Slide_No 46 appears 3 times in inventory
361,14954,47,9.981957,77.166132,Manjakkuzhi,Slide_No 47 appears 3 times in inventory
361,14955,48,9.98667,77.172555,Vathukappu-I,Slide_No 48 appears 3 times in inventory
361,14956,49,9.990063,77.178833,Vathukappu-II,Slide_No 49 appears 3 times in inventory
361,14957,50,9.991283,77.174729,Vathukappu - III,Slide_No 50 appears 3 times in inventory
361,14958,51,9.992937,77.177521,Muduvakkudi-I,Slide_No 51 appears 3 times in inventory
361,14959,52,9.992798,77.180848,Kulapparachal,Slide_No 52 appears 3 times in inventory
361,14960,53,9.999,77.17757,Muduvakkudi-II,Slide_No 53 appears 3 times in inventory
361,14961,54,10.001,77.1708,Vathukappu - IV,Slide_No 54 appears 3 times in inventory
361,14962,55,10,77.17004,Vathukappu - V,Slide_No 55 appears 3 times in inventory
361,14963,56,9.981525,77.133652,Kumbhappara -I,Slide_No 56 appears 3 times in inventory
361,14964,57,9.981446,77.131882,Kumbhappara -II,Slide_No 57 appears 3 times in inventory
361,14965,58,9.98176,77.132331,Kumbhappara -III,Slide_No 58 appears 3 times in inventory
361,14966,59,9.621675,77.161217,"Amravathy, 1st Mile",Slide_No 59 appears 3 times in inventory
361,14967,60,9.629298,77.163697,"Amravathy, 2nd Mile",Slide_No 60 appears 3 times in inventory
361,14968,61,9.632692,77.162881,AKG Padi,Slide_No 61 appears 3 times in inventory
361,14969,62,9.636032,77.163613,"AKG Padi, 3rd Mile",Slide_No 62 appears 3 times in inventory
361,14970,63,9.637009,77.163437,"3rd Mile, Amarvathy",Slide_No 63 appears 3 times in inventory
361,14971,64,9.640687,77.166384,5th Mile -I,Slide_No 64 appears 3 times in inventory
361,14972,65,9.637785,77.170792,5th Mile-II,Slide_No 65 appears 3 times in inventory
361,14973,66,9.634359,77.157909,Ottakathalamedu-I,Slide_No 66 appears 3 times in inventory
361,14974,67,9.633776,77.157286,Ottakathalamedu-II,Slide_No 67 appears 3 times in inventory
361,14975,68,9.633309,77.156819,Ottakathalamedu-III,Slide_No 68 appears 3 times in inventory
361,14976,69,9.63423,77.154065,Ottakathalamedu-IV,Slide_No 69 appears 3 times in inventory
361,14977,70,9.635735,77.151807,Anappara,Slide_No 70 appears 3 times in inventory
361,14978,71,9.635213,77.152987,Attapallom -I,Slide_No 71 appears 3 times in inventory
361,14979,72,9.63221,77.156202,Attapallom -II,Slide_No 72 appears 3 times in inventory
361,14980,73,9.629116,77.153759,Ottakathalamedu-V,Slide_No 73 appears 3 times in inventory
361,14981,74,9.629553,77.1546,Mother Theresa Nagar,Slide_No 74 appears 3 times in inventory
361,14982,75,9.629002,77.137118,Pathumuri,Slide_No 75 appears 3 times in inventory
362,14983,76,9.627685,77.138111,Attapllom-III,Slide_No 76 appears 3 times in inventory
362,14984,77,9.611343,77.148419,66th Mile-I,Slide_No 77 appears 3 times in inventory
362,14985,78,9.608653,77.146307,66th Mile-II,Slide_No 78 appears 3 times in inventory
362,14986,79,9.608653,77.146307,66th Mile-III,Slide_No 79 appears 3 times in inventory
362,14987,80,9.608653,77.146307,65th Mile-I,Slide_No 80 appears 3 times in inventory
362,14988,81,9.608653,77.146307,65th Mile-II,Slide_No 81 appears 3 times in inventory
362,14989,82,9.608653,77.146307,"65th Mile, Bridge",Slide_No 82 appears 3 times in inventory
362,14990,83,9.608653,77.146307,Chottupara,Slide_No 83 appears 3 times in inventory
362,14991,84,9.616867,77.143727,Murukkady,Slide_No 84 appears 3 times in inventory
362,14996,KRL/IDK/58C13/2018/6,9.872109736,76.93810007,Ambataru colony,Slide_No KRL/IDK/58C13/2018/6 appears 2 times in inventory
362,14997,KRL/IDK/58C13/2018/6,9.871599974,76.94028492,Ambataru colony,Slide_No KRL/IDK/58C13/2018/6 appears 2 times in inventory
367,15199,KRL/IDK/58C13/2018/208,9.847280184,76.94078985,Kuyilimala,Slide_No KRL/IDK/58C13/2018/208 appears 2 times in inventory
367,15200,KRL/IDK/58C13/2018/208,9.84608162,76.93856784,Kuyilimala,Slide_No KRL/IDK/58C13/2018/208 appears 2 times in inventory
369,15276,KRL/IDK/58F/4/2018/286,9.99189645,77.06274131,"Ellackkal, Kunjithani",Slide_No KRL/IDK/58F/4/2018/286 appears 2 times in inventory
369,15277,KRL/IDK/58F/4/2018/286,9.994788375,77.0613735,"Ellackkal, Kunjithani",Slide_No KRL/IDK/58F/4/2018/286 appears 2 times in inventory
378,15613,1,8.7437,77.1226,Ponmudi,Slide_No 1 appears 8 times in inventory
378,15614,2,8.7531,77.1252,Ponmudi,Slide_No 2 appears 5 times in inventory
378,15615,3,8.7557,77.1248,NA,Slide_No 3 appears 5 times in inventory
378,15616,4,8.749,77.0235,Chippanchira,Slide_No 4 appears 4 times in inventory
378,15617,5,8.9555,77.1333,Aryankavu New Railway Station,Slide_No 5 appears 4 times in inventory
378,15618,6,8.9741,77.1459,Aryankavu,Slide_No 6 appears 4 times in inventory
378,15619,7,8.982,77.1529,Aryankavu Old Railway Station,Slide_No 7 appears 4 times in inventory
378,15620,8,8.9648,77.08,Thenmala Railway Station,Slide_No 8 appears 4 times in inventory
380,15710,KER/IDK/58G01/2018/04,9.874508,77.008653,Chittadikkavala 1,Slide_No KER/IDK/58G01/2018/04 appears 2 times in inventory
380,15711,KER/IDK/58G01/2018/05,9.877491,77.011606,Rationkadapadi-Karikkinmedu,Slide_No KER/IDK/58G01/2018/05 appears 2 times in inventory
388,15955,KE/MAL/58A03/2019/02,11.40425,76.23441667,Thudimutti,Slide_No KE/MAL/58A03/2019/02 appears 2 times in inventory
388,15956,KE/MAL/58A03/2019/03,11.40642222,76.2381,Thudimutti mala,Slide_No KE/MAL/58A03/2019/03 appears 2 times in inventory
388,15957,KE/MAL/58A03/2019/04,11.40527778,76.23916667,Thudimutti mala,Slide_No KE/MAL/58A03/2019/04 appears 2 times in inventory
388,15958,KE/MAL/58A03/2019/05,11.40661111,76.23575,Kavalapara II,Slide_No KE/MAL/58A03/2019/05 appears 2 times in inventory
388,15959,KE/MAL/58A03/2019/06,11.41255833,76.23224444,Kavalapara III,Slide_No KE/MAL/58A03/2019/06 appears 2 times in inventory
388,15960,KE/MAL/58A07/2019/07,11.38247222,76.26022222,Uppada Kottakunnu,Slide_No KE/MAL/58A07/2019/07 appears 2 times in inventory
388,15961,KE/MAL/58A07/2019/08,11.40305556,76.27113889,Anakallu Punchakolli,Slide_No KE/MAL/58A07/2019/08 appears 2 times in inventory
388,15962,KE/MAL/58A07/2019/09,11.39822222,76.27069444,Anakallu Kurishumala,Slide_No KE/MAL/58A07/2019/09 appears 2 times in inventory
389,15986,KE/MAL/58A07/2019/07,11.401456,76.370989,Thenpara (Vellaketta),Slide_No KE/MAL/58A07/2019/07 appears 2 times in inventory
389,15987,KE/MAL/58A07/2019/08,11.395894,76.369239,Near Thenpara (Vellaketta),Slide_No KE/MAL/58A07/2019/08 appears 2 times in inventory
389,15988,KE/MAL/58A07/2019/09,11.394755,76.359584,Vellaketta-Ground,Slide_No KE/MAL/58A07/2019/09 appears 2 times in inventory
390,16008,KE/MAL/58A03/2019/02,11.373517,76.212438,Moochickal,Slide_No KE/MAL/58A03/2019/02 appears 2 times in inventory
390,16009,KE/MAL/58A03/2019/03,11.372403,76.212901,Moochickal-1,Slide_No KE/MAL/58A03/2019/03 appears 2 times in inventory
390,16010,KE/MAL/58A03/2019/04,11.385613,76.208732,A P Kunnu,Slide_No KE/MAL/58A03/2019/04 appears 2 times in inventory
390,16011,KE/MAL/58A03/2019/05,11.376082,76.213301,Vilakkennampara,Slide_No KE/MAL/58A03/2019/05 appears 2 times in inventory
390,16012,KE/MAL/58A03/2019/06,11.389332,76.214594,Murukanjiram (Kooman thodu),Slide_No KE/MAL/58A03/2019/06 appears 2 times in inventory
396,16222,KER/KOZ/49M14/2025/02,11.520975,75.89981389,Cheedikuzhi debris flow,Slide_No KER/KOZ/49M14/2025/02 appears 2 times in inventory
396,16225,KER/KOZ/49M14/2025/5,11.72976111,75.81385278,Kuttiyadi Churam- 10th hairpin bend,Slide_No KER/KOZ/49M14/2025/5 appears 2 times in inventory
396,16226,KER/KOZ/49M14/2025/5,11.72481667,75.81764167,Pakranthalam,Slide_No KER/KOZ/49M14/2025/5 appears 2 times in inventory
396,16230,KER/KOZ/49M14/2025/02,11.43813889,76.39222222,Nadugani-Vazhikadavu Road-1,Slide_No KER/KOZ/49M14/2025/02 appears 2 times in inventory
406,16637,MAH/RAT/47G08/2015/89,17.19,73.253,Malgund,Slide_No MAH/RAT/47G08/2015/89 appears 2 times in inventory
407,16662,MAH/RAT/47G08/2015/89,17.23,73.335,Malgund,Slide_No MAH/RAT/47G08/2015/89 appears 2 times in inventory
410,16810,MH/SAT/47G14/2018/3,17.524617,73.822398,NA,Slide_No MH/SAT/47G14/2018/3 appears 2 times in inventory
412,16864,MH/SAT/47G14/2018/3,17.638873,73.838609,NA,Slide_No MH/SAT/47G14/2018/3 appears 2 times in inventory
414,16946,MH/SAT/47G13/2018/11,17.866835,73.750793,NA,Slide_No MH/SAT/47G13/2018/11 appears 2 times in inventory
415,16958,MH/SAT/47G13/2018/11,17.88496,73.779165,NA,Slide_No MH/SAT/47G13/2018/11 appears 2 times in inventory
420,17145,MH/RAIG/47F03/2008/0020,18.291111,73.040556,NA,Slide_No MH/RAIG/47F03/2008/0020 appears 2 times in inventory
420,17146,MH/RAIG/47F03/2008/0020,18.295556,73.036667,NA,Slide_No MH/RAIG/47F03/2008/0020 appears 2 times in inventory
424,17314,MH/PUN/47F09/2020/1,18.83,73.73,-,Slide_No MH/PUN/47F09/2020/1 appears 2 times in inventory
424,17323,MH/PUN/47F09/2020/1,18.95,73.7,-,Slide_No MH/PUN/47F09/2020/1 appears 2 times in inventory
427,17458,MH/AHM/47E14/2018/2,19.501389,73.863611,NA,Slide_No MH/AHM/47E14/2018/2 appears 2 times in inventory
427,17462,MH/AHM/47E14/2018/2,19.548889,73.761389,NA,Slide_No MH/AHM/47E14/2018/2 appears 2 times in inventory
427,17463,MH/AHM/47E14/2018/1,19.549444,73.763889,NA,Slide_No MH/AHM/47E14/2018/1 appears 2 times in inventory
427,17465,MH/AHM/47E14/2018/1,19.625278,73.807778,NA,Slide_No MH/AHM/47E14/2018/1 appears 2 times in inventory
429,17561,MH/SAT/47G14/2021/23A,17.63980556,73.83633333,Sandavali,Slide_No MH/SAT/47G14/2021/23A appears 2 times in inventory
429,17562,MH/SAT/47G14/2021/23B,17.63913889,73.83630556,Sandavali,Slide_No MH/SAT/47G14/2021/23B appears 2 times in inventory
429,17563,MH/SAT/47G14/2021/23C,17.63897222,73.83763889,Sandavali,Slide_No MH/SAT/47G14/2021/23C appears 2 times in inventory
433,17660,MH/SAT/47G14/2021/23A,17.63980556,73.83633333,Sandavali,Exact duplicate of record Sl.No 17561 on page 429
433,17661,MH/SAT/47G14/2021/23B,17.63913889,73.83630556,Sandavali,Exact duplicate of record Sl.No 17562 on page 429
433,17662,MH/SAT/47G14/2021/23C,17.63897222,73.83763889,Sandavali,Exact duplicate of record Sl.No 17563 on page 429
433,17667,MH/SAT/47G09/2021-22/43,17.86061944,73.64401944,Zanzwad,Slide_No MH/SAT/47G09/2021-22/43 appears 3 times in inventory
433,17668,MH/SAT/47G09/2021-22/43,17.86045,73.64500556,Zanzwad,Slide_No MH/SAT/47G09/2021-22/43 appears 3 times in inventory
433,17670,MH/SAT/47G09/2021-22/43,17.86452778,73.64808333,Zanzwad,Slide_No MH/SAT/47G09/2021-22/43 appears 3 times in inventory
501,20290,MEG/EKH/78O14/2020-21/1,25.62,91.88272222,NA,Slide_No MEG/EKH/78O14/2020-21/1 appears 2 times in inventory
502,20332,MEG/EKH/78O10/2021/03,25.64906111,91.89733611,NA,Slide_No MEG/EKH/78O10/2021/03 appears 2 times in inventory
502,20333,MEG/EKH/78O14/2021/02,25.64908889,91.899,NA,Slide_No MEG/EKH/78O14/2021/02 appears 2 times in inventory
503,20339,MEG/EKH/78O14/2021/01,25.65060556,91.89945278,NA,Slide_No MEG/EKH/78O14/2021/01 appears 2 times in inventory
509,20552,MEG/EKH/78O14/2020-21/1,25.62,91.88272222,Mawiong Umjapung,Slide_No MEG/EKH/78O14/2020-21/1 appears 2 times in inventory
509,20567,MEG/EKH/78O14/2021/01,25.65060556,91.89945278,NH-40(650 m from Umiam viewpoint towards Guwahati),Slide_No MEG/EKH/78O14/2021/01 appears 2 times in inventory
509,20568,MEG/EKH/78O14/2021/02,25.64908889,91.899,NH-40,Slide_No MEG/EKH/78O14/2021/02 appears 2 times in inventory
509,20569,MEG/EKH/78O10/2021/03,25.64906111,91.89733611,NH-40,Slide_No MEG/EKH/78O10/2021/03 appears 2 times in inventory
552,21933,MZ/AZL/84A10/2016/01,23.608306,92.850583,Tlungvel slide,Slide_No MZ/AZL/84A10/2016/01 appears 2 times in inventory
552,21938,MZ/AZL/84A10/2016/02,23.613722,92.851889,Tlungvel Presbyterian church slide,Slide_No MZ/AZL/84A10/2016/02 appears 2 times in inventory
558,22070,MIZ/AZL/84A/10/2021/01,23.70166667,92.71944444,N/A,Slide_No MIZ/AZL/84A/10/2021/01 appears 2 times in inventory
577,22704,MZ/AZL/84A10/2024/004,23.74066667,92.69336111,NA,Slide_No MZ/AZL/84A10/2024/004 appears 2 times in inventory
578,22764,MZ/AZL/84A10/2024/004,23.62,92.72472222,NA,Slide_No MZ/AZL/84A10/2024/004 appears 2 times in inventory
598,23727,MIZ/AZL/84A11/2025/015,23.469247,92.744068,NA,Slide_No MIZ/AZL/84A11/2025/015 appears 2 times in inventory
598,23739,MIZ/SER/84A12/2025/027,23.239077,92.745631,NA,Slide_No MIZ/SER/84A12/2025/027 appears 2 times in inventory
598,23740,MIZ/SER/84A12/2025/028,23.239137,92.744468,NA,Slide_No MIZ/SER/84A12/2025/028 appears 2 times in inventory
598,23741,MIZ/SER/84A12/2025/029,23.239797,92.744214,NA,Slide_No MIZ/SER/84A12/2025/029 appears 2 times in inventory
604,23967,MIZ/AZL/84A/10/2021/01,23.70166667,92.71944444,Ngaizel Ophel Tyres Rockslide,Slide_No MIZ/AZL/84A/10/2021/01 appears 2 times in inventory
604,23979,MZ/AZL/84A10/2016/01,23.60830556,92.85058333,Tlungvel slide,Slide_No MZ/AZL/84A10/2016/01 appears 2 times in inventory
604,23980,MZ/AZL/84A10/2016/02,23.61372222,92.85188889,Tlungvel Presbyterian church slide,Slide_No MZ/AZL/84A10/2016/02 appears 2 times in inventory
604,23987,MIZ/AZL/84A11/2025/015,23.4672,92.7193,NA,Slide_No MIZ/AZL/84A11/2025/015 appears 2 times in inventory
605,23999,MIZ/SER/84A12/2025/027,23.239287,92.74818,NA,Slide_No MIZ/SER/84A12/2025/027 appears 2 times in inventory
605,24000,MIZ/SER/84A12/2025/028,23.237356,92.744978,NA,Slide_No MIZ/SER/84A12/2025/028 appears 2 times in inventory
605,24001,MIZ/SER/84A12/2025/029,23.233349,92.744075,NA,Slide_No MIZ/SER/84A12/2025/029 appears 2 times in inventory
611,24149,NAG/PER/83G11/2017/0142,25.275028,93.616306,NA,Slide_No NAG/PER/83G11/2017/0142 appears 2 times in inventory
611,24163,NAG/PER/83G11/2017/0142,25.472781,93.727319,NA,Slide_No NAG/PER/83G11/2017/0142 appears 2 times in inventory
622,24530,NL/KOH/83K02/2014/14,25.6715,94.06942,Jotsoma village science college road,Slide_No NL/KOH/83K02/2014/14 appears 2 times in inventory
623,24564,NL/KOH/83K02/2014/14,25.68044,94.07336,Jotsoma village science college road,Slide_No NL/KOH/83K02/2014/14 appears 2 times in inventory
623,24568,NAG/DIM/NIT/83G13/2019/LS1 .,25.68176111,94.06811944,#N/A,Slide_No NAG/DIM/NIT/83G13/2019/LS1 . appears 2 times in inventory
628,24790,NL/DMP/NH-29/2021/01,25.78180556,93.80180556,Chumukedima-Ghaspani slide,Slide_No NL/DMP/NH-29/2021/01 appears 2 times in inventory
638,25211,NL/WKH/83J04/2021/01,26.10694722,94.25328889,E-Khel slide,Slide_No NL/WKH/83J04/2021/01 appears 2 times in inventory
657,25959,NAG/DIM/NIT/83G13/2019/LS1 .,25.68176111,94.06811944,NIT Campus landslide,Slide_No NAG/DIM/NIT/83G13/2019/LS1 . appears 2 times in inventory
657,25962,NL/DMP/NH-29/2021/01,25.78180556,93.80180556,Chumukedima-Ghaspani slide,Exact duplicate of record Sl.No 24790 on page 628
657,25963,NL/WKH/83J04/2021/01,26.10694722,94.25328889,"‘E’-Khel Slide, Wokha village",Slide_No NL/WKH/83J04/2021/01 appears 2 times in inventory
657,25968,NAG/KOM/83K/2/2017/01,25.68866667,94.09733333,"Perciezie Colony, near High School Junction, Kohima town",Slide_No NAG/KOM/83K/2/2017/01 appears 2 times in inventory
657,25969,NAG/KOM/83K/2/2017/01,26.00197222,94.18366667,"NH-29, Near Kiruphema-Peducha village",Slide_No NAG/KOM/83K/2/2017/01 appears 2 times in inventory
672,26716,State: Sikkim/district: East District/toposheet: 78A/11/year: 2018/serial no.,27.31583333,88.60666667,"Upper Syari, Deorali, Gangtok",Slide_No State: Sikkim/district: East District/toposheet: 78A/11/year: 2018/serial no. appears 2 times in inventory
672,26717,State: Sikkim/district: East District/toposheet: 78A/11/year: 2018/serial no.,27.37027778,88.67361111,1st BN Sikkim Scouts and the road stretch (JNM axis) ahead of MS-8,Slide_No State: Sikkim/district: East District/toposheet: 78A/11/year: 2018/serial no. appears 2 times in inventory
672,26719,Sikkim/ East District/ 78A/11/2019/,27.28081944,88.57090278,Chubba Khola,Slide_No Sikkim/ East District/ 78A/11/2019/ appears 3 times in inventory
672,26720,Sikkim/ East District/ 78A/11/2019/,27.25941667,88.55038889,Martam,Slide_No Sikkim/ East District/ 78A/11/2019/ appears 3 times in inventory
673,26723,Sikkim/ East District/ 78A/11/2019/,27.27352778,88.57783333,Tumlabung,Slide_No Sikkim/ East District/ 78A/11/2019/ appears 3 times in inventory
674,26782,SKM/Gangtok/78A11/2022,27.2535,88.54141667,14th Mile,Slide_No SKM/Gangtok/78A11/2022 appears 2 times in inventory
675,26787,SKM/Gangtok/78A11/2022,27.32633333,88.59544444,Lumsay Slide,Slide_No SKM/Gangtok/78A11/2022 appears 2 times in inventory
706,27888,Tamil Nadu/Dindigul/58F/12/2014/04.,11.23952778,77.50566667,Srinivasapuram colony/Slide 04,Slide_No Tamil Nadu/Dindigul/58F/12/2014/04. appears 2 times in inventory
706,27889,Tamil Nadu/Dindigul/58F/12/2014/04.,11.24402778,77.50066667,Govt. School/Slide 05,Slide_No Tamil Nadu/Dindigul/58F/12/2014/04. appears 2 times in inventory
755,29723,WB/DARJ/78A04/0261,27.071,88.201,NA,Slide_No WB/DARJ/78A04/0261 appears 2 times in inventory
763,29949,WB/DARJ/78A04/1980/0246,27.094,88.102,NA,Slide_No WB/DARJ/78A04/1980/0246 appears 2 times in inventory
763,29950,WB/DARJ/78A04/1980/0246,27.094,88.102,NA,Exact duplicate of record Sl.No 29949 on page 763
767,30067,WB/DARJ/78A04/0261,27.101,88.231,NA,Slide_No WB/DARJ/78A04/0261 appears 2 times in inventory
775,30314,NULL,27.09095539,88.10041224,NULL,Slide_No NULL appears 4 times in inventory
775,30320,NULL,27.08180557,88.09218644,NULL,Slide_No NULL appears 4 times in inventory
775,30328,NULL,27.00178378,88.16582292,NULL,Slide_No NULL appears 4 times in inventory
776,30344,NULL,27.06714753,88.18512918,NULL,Slide_No NULL appears 4 times in inventory
777,30379,WB/ Darjeeling /78A/04/2025/2,27.105933,88.217583,WB/ Darjeeling /78A/04/2025/2,Slide_No WB/ Darjeeling /78A/04/2025/2 appears 2 times in inventory
777,30381,WB/ Darjeeling /78A/04/2025/4,27.010117,88.200912,Near Lepcha Jagat village,Slide_No WB/ Darjeeling /78A/04/2025/4 appears 2 times in inventory
777,30382,WB/ Darjeeling /78A/04/2025/5,27.010752,88.183783,Near Lepcha Jagat tourist park,Slide_No WB/ Darjeeling /78A/04/2025/5 appears 2 times in inventory
778,30384,WB/ Darjeeling /78A/04/2025/8,26.99023,88.13027,NA,Slide_No WB/ Darjeeling /78A/04/2025/8 appears 2 times in inventory
778,30400,WB/ Darjeeling /78A/04/2025/2,27.08052778,88.09625,NA,Slide_No WB/ Darjeeling /78A/04/2025/2 appears 2 times in inventory
778,30402,WB/ Darjeeling /78A/04/2025/4,27.07670833,88.09208333,NA,Slide_No WB/ Darjeeling /78A/04/2025/4 appears 2 times in inventory
778,30403,WB/ Darjeeling /78A/04/2025/5,27.07283333,88.09147222,NA,Slide_No WB/ Darjeeling /78A/04/2025/5 appears 2 times in inventory
778,30406,WB/ Darjeeling /78A/04/2025/8,27.00483333,88.11677778,NA,Slide_No WB/ Darjeeling /78A/04/2025/8 appears 2 times in inventory
780,30450,46,26.93788889,88.44172222,NA,Slide_No 46 appears 3 times in inventory
780,30451,47,26.99366667,88.42594444,NA,Slide_No 47 appears 3 times in inventory
780,30452,48,26.99666667,88.42730556,NA,Slide_No 48 appears 3 times in inventory
780,30453,49,26.99880556,88.43158333,NA,Slide_No 49 appears 3 times in inventory
780,30454,50,27.014,88.43597222,NA,Slide_No 50 appears 3 times in inventory
780,30455,51,27.02344444,88.43369444,NA,Slide_No 51 appears 3 times in inventory
780,30456,1,26.80380556,88.29666667,NA,Slide_No 1 appears 8 times in inventory
780,30457,2,26.82972222,88.23338889,NA,Slide_No 2 appears 5 times in inventory
780,30458,3,26.846,88.22416667,NA,Slide_No 3 appears 5 times in inventory
780,30459,4,26.84672222,88.22425,NA,Slide_No 4 appears 4 times in inventory
780,30460,5,26.84783333,88.22425,NA,Slide_No 5 appears 4 times in inventory
780,30461,6,26.84736111,88.22436111,NA,Slide_No 6 appears 4 times in inventory
780,30462,7,26.84972222,88.21802778,NA,Slide_No 7 appears 4 times in inventory
780,30463,8,26.848,88.19030556,NA,Slide_No 8 appears 4 times in inventory
780,30464,9,26.84755556,88.19166667,NA,Slide_No 9 appears 3 times in inventory
780,30465,10,26.84677778,88.19027778,NA,Slide_No 10 appears 3 times in inventory
780,30466,11,26.84552778,88.19072222,NA,Slide_No 11 appears 3 times in inventory
780,30467,12,26.84541667,88.19186111,NA,Slide_No 12 appears 3 times in inventory
780,30468,13,26.85033333,88.19208333,NA,Slide_No 13 appears 3 times in inventory
780,30469,14,26.85002778,88.19233333,NA,Slide_No 14 appears 3 times in inventory
780,30470,15,26.84936111,88.19258333,NA,Slide_No 15 appears 3 times in inventory
780,30471,16,26.83811111,88.20297222,NA,Slide_No 16 appears 3 times in inventory
780,30472,17,26.83736111,88.20333333,NA,Slide_No 17 appears 3 times in inventory
780,30473,18,26.88819444,88.20216667,NA,Slide_No 18 appears 3 times in inventory
780,30474,19,26.88702778,88.20094444,NA,Slide_No 19 appears 3 times in inventory
780,30475,20,26.88766667,88.20147222,NA,Slide_No 20 appears 3 times in inventory
780,30476,21,26.85202778,88.19341667,NA,Slide_No 21 appears 4 times in inventory
780,30477,22,26.85147222,88.19336111,NA,Slide_No 22 appears 4 times in inventory
780,30478,23,26.85191667,88.19422222,NA,Slide_No 23 appears 4 times in inventory
780,30479,24,26.85280556,88.19488889,NA,Slide_No 24 appears 4 times in inventory
780,30480,25,26.85013889,88.1935,NA,Slide_No 25 appears 4 times in inventory
780,30481,26,26.84908333,88.19411111,NA,Slide_No 26 appears 4 times in inventory
780,30482,27,26.86552778,88.19272222,NA,Slide_No 27 appears 4 times in inventory
781,30483,28,26.86380556,88.19369444,NA,Slide_No 28 appears 4 times in inventory
781,30484,29,26.863,88.19305556,NA,Slide_No 29 appears 4 times in inventory
781,30485,30,26.86111111,88.19333333,NA,Slide_No 30 appears 4 times in inventory
781,30486,31,26.86355556,88.19016667,NA,Slide_No 31 appears 3 times in inventory
781,30487,32,26.85394444,88.18755556,NA,Slide_No 32 appears 3 times in inventory
781,30488,33,26.855,88.18666667,NA,Slide_No 33 appears 3 times in inventory
781,30489,34,26.86041667,88.19658333,NA,Slide_No 34 appears 3 times in inventory
781,30490,35,26.8615,88.19652778,NA,Slide_No 35 appears 3 times in inventory
781,30491,36,26.84638889,88.20611111,NA,Slide_No 36 appears 3 times in inventory
781,30492,37,26.88936111,88.17869444,NA,Slide_No 37 appears 3 times in inventory
781,30493,38,26.89175,88.17877778,NA,Slide_No 38 appears 3 times in inventory
781,30494,39,26.88927778,88.17436111,NA,Slide_No 39 appears 3 times in inventory
781,30495,40,26.88866667,88.17422222,NA,Slide_No 40 appears 3 times in inventory
781,30496,41,26.89102778,88.19161111,NA,Slide_No 41 appears 3 times in inventory
781,30497,42,26.89102778,88.18680556,NA,Slide_No 42 appears 3 times in inventory
781,30498,43,26.88752778,88.18863889,NA,Slide_No 43 appears 3 times in inventory
781,30499,62,27.02833333,88.25675,NA,Slide_No 62 appears 3 times in inventory
781,30500,44,26.89333333,88.18527778,NA,Slide_No 44 appears 3 times in inventory
781,30501,45,26.92383333,88.14416667,NA,Slide_No 45 appears 3 times in inventory
781,30502,63,27.03702778,88.25908333,NA,Slide_No 63 appears 3 times in inventory
781,30503,52,26.87122222,88.30133333,NA,Slide_No 52 appears 3 times in inventory
781,30504,53,26.87116667,88.30177778,NA,Slide_No 53 appears 3 times in inventory
781,30505,54,26.87119444,88.30191667,NA,Slide_No 54 appears 3 times in inventory
781,30506,55,26.87069444,88.30233333,NA,Slide_No 55 appears 3 times in inventory
781,30507,56,26.8705,88.30152778,NA,Slide_No 56 appears 3 times in inventory
781,30508,57,26.86730556,88.30505556,NA,Slide_No 57 appears 3 times in inventory
781,30509,58,26.87255556,88.28508333,NA,Slide_No 58 appears 3 times in inventory
781,30510,59,26.89805556,88.28663889,NA,Slide_No 59 appears 3 times in inventory
781,30511,64,26.91275,88.25236111,NA,Slide_No 64 appears 3 times in inventory
781,30512,65,26.91172222,88.25005556,NA,Slide_No 65 appears 3 times in inventory
781,30513,66,26.9115,88.24988889,NA,Slide_No 66 appears 3 times in inventory
781,30514,67,27.01013889,88.25872222,NA,Slide_No 67 appears 3 times in inventory
781,30515,68,27.07569444,88.09188889,NA,Slide_No 68 appears 3 times in inventory
781,30516,69,27.02552778,88.09872222,NA,Slide_No 69 appears 3 times in inventory
781,30517,70,26.99144444,88.14475,NA,Slide_No 70 appears 3 times in inventory
782,30518,60,26.86497222,88.28616667,NA,Slide_No 60 appears 3 times in inventory
782,30519,61,26.85955556,88.29344444,NA,Slide_No 61 appears 3 times in inventory
782,30520,71,27.06694444,88.42713889,Near Peshoke bridge,Slide_No 71 appears 3 times in inventory
782,30521,83,27.0665,88.42833333,Teesta bazar,Slide_No 83 appears 3 times in inventory
782,30522,77,27.058,88.49836111,"6th Mile,",Slide_No 77 appears 3 times in inventory
782,30523,84,27.07258333,88.45725,"8th Mile,",Slide_No 84 appears 3 times in inventory
782,30524,76,27.08461111,88.49313889,"Chisopani,",Slide_No 76 appears 3 times in inventory
782,30525,85,27.08222222,88.48983333,"Chisopani,",Slide_No 85 appears 2 times in inventory
782,30526,81,27.07755556,88.48541667,11th Mile,Slide_No 81 appears 3 times in inventory
782,30527,86,27.06602778,88.47647222,Sadudhara,Slide_No 86 appears 2 times in inventory
782,30528,79,27.06077778,88.48063889,Bong,Slide_No 79 appears 3 times in inventory
782,30529,72,27.15925,88.63955556,Rishi,Slide_No 72 appears 3 times in inventory
782,30530,80,27.06822222,88.49666667,"Gairigaon, Bhamegaon",Slide_No 80 appears 3 times in inventory
782,30531,78,27.05058333,88.45675,Chhibo Busty,Slide_No 78 appears 3 times in inventory
782,30532,82,27.06205556,88.64861111,Kolbong/Nim busty,Slide_No 82 appears 3 times in inventory
782,30533,73,27.04344444,88.69563889,Phaperkheti,Slide_No 73 appears 3 times in inventory
782,30534,74,27.08672222,88.66413889,Trivenitol,Slide_No 74 appears 3 times in inventory
782,30535,75,27.09980556,88.08236111,KOLAKHAM,Slide_No 75 appears 3 times in inventory
782,30536,87,27.10458333,88.07066667,KOLAKHAM,Slide_No 87 appears 2 times in inventory
794,31153,UK/NAI/53O06/2017/73,29.50211,79.481801,NA,Slide_No UK/NAI/53O06/2017/73 appears 2 times in inventory
797,31294,UK/NAI/53O06/2017/73,29.540628,79.261451,NA,Slide_No UK/NAI/53O06/2017/73 appears 2 times in inventory
894,35774,1,29.55386944,79.60821667,KwarabLandslide,Slide_No 1 appears 8 times in inventory
894,35775,1,29.78191944,79.81623611,Pagna Landslide,Slide_No 1 appears 8 times in inventory
894,35776,1,30.48083,79.46833,Tangni slide L1,Slide_No 1 appears 8 times in inventory
894,35777,2,30.4861,79.4794,Patal ganga slide L2,Slide_No 2 appears 5 times in inventory
898,35889,21,29.97369444,80.05080556,Badipanyali,Slide_No 21 appears 4 times in inventory
898,35890,22,29.97369444,80.05080556,Badipanyali near school,Slide_No 22 appears 4 times in inventory
898,35891,23,30.0125,80.02977778,Litti,Slide_No 23 appears 4 times in inventory
898,35892,24,30.0125,80.02977778,Sailani,Slide_No 24 appears 4 times in inventory
898,35893,25,29.70238889,79.88188889,Khairkhet,Slide_No 25 appears 4 times in inventory
898,35894,26,29.67694444,80.27161111,Kanalichhina,Slide_No 26 appears 4 times in inventory
898,35895,27,29.87286111,80.5575,Dobat rock fall,Slide_No 27 appears 4 times in inventory
898,35896,28,29.97177778,80.6865,Pangla,Slide_No 28 appears 4 times in inventory
898,35897,29,29.96055556,80.61472222,Tawaghat,Slide_No 29 appears 4 times in inventory
898,35898,30,29.75888889,80.34944444,Askot,Slide_No 30 appears 4 times in inventory
902,35972,1,30.59222222,79.02833333,"Chandika Dhar, Near Bharasu",Slide_No 1 appears 8 times in inventory
902,35976,3,29.319882,79.351964,KN_3,Slide_No 3 appears 5 times in inventory
