Threshold,TP,FP,TN,FN,Recall_POD,Precision_PPV,F1_Score,F2_Score,False_Positive_Rate,False_Alarm_Ratio_FAR,Miss_Rate_FNR,Total_Warnings,Warning_Rate_Pct,Cost_Scenario_A_c1,Cost_Scenario_A_c1_Normalized,Cost_Scenario_B_c2,Cost_Scenario_B_c2_Normalized,Cost_Scenario_C_c5,Cost_Scenario_C_c5_Normalized,Cost_Scenario_D_c10,Cost_Scenario_D_c10_Normalized
0.02,184,519,39,2,0.9892,0.2617,0.4139,0.6358,0.9301,0.7383,0.0108,703,94.49,521.0,0.7003,523.0,0.5624,529.0,0.3555,539.0,0.2229
0.04,179,434,124,7,0.9624,0.292,0.4481,0.6595,0.7778,0.708,0.0376,613,82.39,441.0,0.5927,448.0,0.4817,469.0,0.3152,504.0,0.2084
0.06,173,349,209,13,0.9301,0.3314,0.4887,0.6833,0.6254,0.6686,0.0699,522,70.16,362.0,0.4866,375.0,0.4032,414.0,0.2782,479.0,0.1981
0.08,171,296,262,15,0.9194,0.3662,0.5237,0.706,0.5305,0.6338,0.0806,467,62.77,311.0,0.418,326.0,0.3505,371.0,0.2493,446.0,0.1844
0.1,169,236,322,17,0.9086,0.4173,0.5719,0.7354,0.4229,0.5827,0.0914,405,54.44,253.0,0.3401,270.0,0.2903,321.0,0.2157,406.0,0.1679
0.12,166,197,361,20,0.8925,0.4573,0.6047,0.7498,0.353,0.5427,0.1075,363,48.79,217.0,0.2917,237.0,0.2548,297.0,0.1996,397.0,0.1642
0.14,161,175,383,25,0.8656,0.4792,0.6169,0.7454,0.3136,0.5208,0.1344,336,45.16,200.0,0.2688,225.0,0.2419,300.0,0.2016,425.0,0.1758
0.16,157,147,411,29,0.8441,0.5164,0.6408,0.749,0.2634,0.4836,0.1559,304,40.86,176.0,0.2366,205.0,0.2204,292.0,0.1962,437.0,0.1807
0.18,156,129,429,30,0.8387,0.5474,0.6624,0.758,0.2312,0.4526,0.1613,285,38.31,159.0,0.2137,189.0,0.2032,279.0,0.1875,429.0,0.1774
0.2,152,117,441,34,0.8172,0.5651,0.6681,0.7502,0.2097,0.4349,0.1828,269,36.16,151.0,0.203,185.0,0.1989,287.0,0.1929,457.0,0.189
0.22,150,99,459,36,0.8065,0.6024,0.6897,0.7553,0.1774,0.3976,0.1935,249,33.47,135.0,0.1815,171.0,0.1839,279.0,0.1875,459.0,0.1898
0.24,147,91,467,39,0.7903,0.6176,0.6934,0.7485,0.1631,0.3824,0.2097,238,31.99,130.0,0.1747,169.0,0.1817,286.0,0.1922,481.0,0.1989
0.26,144,83,475,42,0.7742,0.6344,0.6973,0.7415,0.1487,0.3656,0.2258,227,30.51,125.0,0.168,167.0,0.1796,293.0,0.1969,503.0,0.208
0.28,141,71,487,45,0.7581,0.6651,0.7085,0.7374,0.1272,0.3349,0.2419,212,28.49,116.0,0.1559,161.0,0.1731,296.0,0.1989,521.0,0.2155
0.3,139,62,496,47,0.7473,0.6915,0.7183,0.7354,0.1111,0.3085,0.2527,201,27.02,109.0,0.1465,156.0,0.1677,297.0,0.1996,532.0,0.22
0.32,138,51,507,48,0.7419,0.7302,0.736,0.7395,0.0914,0.2698,0.2581,189,25.4,99.0,0.1331,147.0,0.1581,291.0,0.1956,531.0,0.2196
0.34,137,45,513,49,0.7366,0.7527,0.7446,0.7397,0.0806,0.2473,0.2634,182,24.46,94.0,0.1263,143.0,0.1538,290.0,0.1949,535.0,0.2213
0.36,136,36,522,50,0.7312,0.7907,0.7598,0.7424,0.0645,0.2093,0.2688,172,23.12,86.0,0.1156,136.0,0.1462,286.0,0.1922,536.0,0.2217
0.38,134,31,527,52,0.7204,0.8121,0.7635,0.7371,0.0556,0.1879,0.2796,165,22.18,83.0,0.1116,135.0,0.1452,291.0,0.1956,551.0,0.2279
0.4,131,31,527,55,0.7043,0.8086,0.7529,0.723,0.0556,0.1914,0.2957,162,21.77,86.0,0.1156,141.0,0.1516,306.0,0.2056,581.0,0.2403
0.42,130,30,528,56,0.6989,0.8125,0.7514,0.719,0.0538,0.1875,0.3011,160,21.51,86.0,0.1156,142.0,0.1527,310.0,0.2083,590.0,0.244
0.44,128,27,531,58,0.6882,0.8258,0.7507,0.7119,0.0484,0.1742,0.3118,155,20.83,85.0,0.1142,143.0,0.1538,317.0,0.213,607.0,0.251
0.46,127,24,534,59,0.6828,0.8411,0.7537,0.7095,0.043,0.1589,0.3172,151,20.3,83.0,0.1116,142.0,0.1527,319.0,0.2144,614.0,0.2539
0.48,126,23,535,60,0.6774,0.8456,0.7522,0.7055,0.0412,0.1544,0.3226,149,20.03,83.0,0.1116,143.0,0.1538,323.0,0.2171,623.0,0.2577
0.5,125,21,537,61,0.672,0.8562,0.753,0.7022,0.0376,0.1438,0.328,146,19.62,82.0,0.1102,143.0,0.1538,326.0,0.2191,631.0,0.261
0.52,125,21,537,61,0.672,0.8562,0.753,0.7022,0.0376,0.1438,0.328,146,19.62,82.0,0.1102,143.0,0.1538,326.0,0.2191,631.0,0.261
0.54,123,20,538,63,0.6613,0.8601,0.7477,0.6933,0.0358,0.1399,0.3387,143,19.22,83.0,0.1116,146.0,0.157,335.0,0.2251,650.0,0.2688
0.56,122,19,539,64,0.6559,0.8652,0.7462,0.6893,0.0341,0.1348,0.3441,141,18.95,83.0,0.1116,147.0,0.1581,339.0,0.2278,659.0,0.2725
0.58,121,17,541,65,0.6505,0.8768,0.7469,0.6859,0.0305,0.1232,0.3495,138,18.55,82.0,0.1102,147.0,0.1581,342.0,0.2298,667.0,0.2758
0.6,120,13,545,66,0.6452,0.9023,0.7524,0.6842,0.0233,0.0977,0.3548,133,17.88,79.0,0.1062,145.0,0.1559,343.0,0.2305,673.0,0.2783
0.62,120,13,545,66,0.6452,0.9023,0.7524,0.6842,0.0233,0.0977,0.3548,133,17.88,79.0,0.1062,145.0,0.1559,343.0,0.2305,673.0,0.2783
0.64,117,13,545,69,0.629,0.9,0.7405,0.6693,0.0233,0.1,0.371,130,17.47,82.0,0.1102,151.0,0.1624,358.0,0.2406,703.0,0.2907
0.66,114,11,547,72,0.6129,0.912,0.7331,0.6559,0.0197,0.088,0.3871,125,16.8,83.0,0.1116,155.0,0.1667,371.0,0.2493,731.0,0.3023
0.68,111,10,548,75,0.5968,0.9174,0.7231,0.6416,0.0179,0.0826,0.4032,121,16.26,85.0,0.1142,160.0,0.172,385.0,0.2587,760.0,0.3143
0.7,107,10,548,79,0.5753,0.9145,0.7063,0.6214,0.0179,0.0855,0.4247,117,15.73,89.0,0.1196,168.0,0.1806,405.0,0.2722,800.0,0.3309
0.72,102,8,550,84,0.5484,0.9273,0.6892,0.5972,0.0143,0.0727,0.4516,110,14.78,92.0,0.1237,176.0,0.1892,428.0,0.2876,848.0,0.3507
0.74,95,8,550,91,0.5108,0.9223,0.6574,0.5608,0.0143,0.0777,0.4892,103,13.84,99.0,0.1331,190.0,0.2043,463.0,0.3112,918.0,0.3797
0.76,91,8,550,95,0.4892,0.9192,0.6386,0.5397,0.0143,0.0808,0.5108,99,13.31,103.0,0.1384,198.0,0.2129,483.0,0.3246,958.0,0.3962
0.78,83,8,550,103,0.4462,0.9121,0.5993,0.497,0.0143,0.0879,0.5538,91,12.23,111.0,0.1492,214.0,0.2301,523.0,0.3515,1038.0,0.4293
0.8,74,7,551,112,0.3978,0.9136,0.5543,0.4485,0.0125,0.0864,0.6022,81,10.89,119.0,0.1599,231.0,0.2484,567.0,0.381,1127.0,0.4661
0.82,63,7,551,123,0.3387,0.9,0.4922,0.387,0.0125,0.1,0.6613,70,9.41,130.0,0.1747,253.0,0.272,622.0,0.418,1237.0,0.5116
0.84,58,6,552,128,0.3118,0.9062,0.464,0.3589,0.0108,0.0938,0.6882,64,8.6,134.0,0.1801,262.0,0.2817,646.0,0.4341,1286.0,0.5318
0.86,52,6,552,134,0.2796,0.8966,0.4262,0.3242,0.0108,0.1034,0.7204,58,7.8,140.0,0.1882,274.0,0.2946,676.0,0.4543,1346.0,0.5567
0.88,45,5,553,141,0.2419,0.9,0.3814,0.2834,0.009,0.1,0.7581,50,6.72,146.0,0.1962,287.0,0.3086,710.0,0.4772,1415.0,0.5852
0.9,33,4,554,153,0.1774,0.8919,0.296,0.2113,0.0072,0.1081,0.8226,37,4.97,157.0,0.211,310.0,0.3333,769.0,0.5168,1534.0,0.6344
0.92,17,2,556,169,0.0914,0.8947,0.1659,0.1114,0.0036,0.1053,0.9086,19,2.55,171.0,0.2298,340.0,0.3656,847.0,0.5692,1692.0,0.6998
0.94,7,0,558,179,0.0376,1.0,0.0725,0.0466,0.0,0.0,0.9624,7,0.94,179.0,0.2406,358.0,0.3849,895.0,0.6015,1790.0,0.7403
0.96,0,0,558,186,0.0,0.0,0.0,0.0,0.0,0.0,1.0,0,0.0,186.0,0.25,372.0,0.4,930.0,0.625,1860.0,0.7692
0.98,0,0,558,186,0.0,0.0,0.0,0.0,0.0,0.0,1.0,0,0.0,186.0,0.25,372.0,0.4,930.0,0.625,1860.0,0.7692
