supervised_id,y_target,rainfall_event_day,ari_3,ari_7,ari_15,ari_30,max_1day_7d,max_3day_30d,rainy_days_7d,rainy_days_15d,rainy_days_30d
POS_0001,1,65.93,127.63,167.35,246.92,328.5,65.93,127.63,4.0,5.0,8.0
POS_0002,1,41.61,145.62,317.83,464.96,554.65,68.2,145.62,7.0,12.0,19.0
POS_0003,1,24.81,124.07,314.97,460.8,570.38,74.44,173.69,7.0,12.0,19.0
POS_0004,1,40.04,76.45,208.45,350.71,820.6,66.0,164.63,6.0,11.0,23.0
POS_0005,1,24.58,86.02,178.76,309.26,806.38,61.45,160.97,6.0,12.0,25.0
POS_0006,1,84.58,163.58,265.2,488.63,854.54,84.58,163.58,7.0,13.0,23.0
POS_0007,1,29.27,292.68,400.77,493.89,601.19,175.61,292.68,6.0,11.0,14.0
POS_0008,1,24.75,37.12,46.04,53.9,77.3,24.75,37.12,3.0,4.0,7.0
POS_0009,1,60.85,81.13,167.6,468.21,886.21,60.85,223.34,5.0,10.0,16.0
POS_0010,1,0.0,91.58,225.96,510.8,1076.03,65.41,221.06,6.0,13.0,23.0
POS_0011,1,39.15,221.87,355.0,413.14,690.14,104.41,221.87,7.0,10.0,20.0
POS_0012,1,44.3,236.29,345.75,430.72,694.6,118.14,236.29,7.0,11.0,21.0
POS_0013,1,67.85,248.77,352.36,409.17,694.72,113.08,248.77,7.0,9.0,19.0
POS_0014,1,39.15,221.87,355.0,413.14,690.14,104.41,221.87,7.0,10.0,20.0
POS_0015,1,67.04,245.82,344.39,427.68,714.02,111.73,245.82,7.0,10.0,20.0
POS_0016,1,97.25,145.87,145.87,205.8,297.92,97.25,145.87,2.0,7.0,10.0
POS_0017,1,59.6,85.08,277.3,535.34,958.31,127.37,300.31,4.0,9.0,20.0
POS_0018,1,51.91,77.4,265.52,533.18,1010.85,127.44,289.27,4.0,9.0,20.0
POS_0019,1,0.0,15.91,136.6,284.34,759.06,64.37,260.09,4.0,8.0,16.0
POS_0020,1,27.51,55.02,163.13,273.03,665.95,46.75,191.78,5.0,10.0,19.0
POS_0021,1,0.0,25.23,146.84,303.33,793.93,52.59,332.25,4.0,8.0,15.0
POS_0022,1,24.54,98.15,143.23,274.94,665.44,73.61,229.23,4.0,8.0,16.0
POS_0023,1,0.0,23.09,138.23,254.97,723.15,54.95,234.43,4.0,7.0,15.0
POS_0024,1,38.87,38.87,74.87,131.98,545.01,38.87,234.55,3.0,5.0,16.0
POS_0025,1,70.23,136.94,200.14,345.78,631.04,70.23,136.94,6.0,10.0,22.0
POS_0026,1,111.26,166.89,212.66,509.04,800.14,111.26,213.58,3.0,10.0,19.0
POS_0027,1,60.62,181.85,277.87,372.83,632.5,75.77,181.85,7.0,10.0,20.0
POS_0028,1,45.77,213.58,323.26,449.67,710.11,106.79,213.58,7.0,10.0,20.0
POS_0029,1,17.45,153.8,170.44,368.31,555.94,69.79,153.8,4.0,11.0,17.0
POS_0030,1,111.26,166.89,212.66,509.04,800.14,111.26,213.58,3.0,10.0,19.0
POS_0031,1,97.02,161.71,195.49,494.18,799.0,97.02,202.69,3.0,10.0,19.0
POS_0032,1,26.81,120.13,162.92,221.48,478.09,58.32,123.26,6.0,10.0,17.0
POS_0033,1,26.81,120.13,162.92,221.48,478.09,58.32,123.26,6.0,10.0,17.0
POS_0034,1,26.81,120.13,162.92,221.48,478.09,58.32,123.26,6.0,10.0,17.0
POS_0035,1,26.81,120.13,162.92,221.48,478.09,58.32,123.26,6.0,10.0,17.0
POS_0036,1,26.81,120.13,162.92,221.48,478.09,58.32,123.26,6.0,10.0,17.0
POS_0037,1,42.65,159.93,197.61,345.55,547.26,74.63,159.93,4.0,12.0,23.0
POS_0038,1,42.62,255.72,346.44,387.49,556.26,113.65,255.72,6.0,10.0,23.0
POS_0039,1,15.1,45.29,45.29,89.38,149.12,30.19,59.74,2.0,7.0,9.0
POS_0040,1,35.05,70.09,194.61,234.34,406.97,41.51,124.52,5.0,9.0,18.0
POS_0041,1,0.0,52.61,100.8,396.37,635.88,48.19,192.77,3.0,10.0,22.0
POS_0042,1,11.64,58.21,147.34,418.36,711.19,52.68,171.21,7.0,14.0,28.0
POS_0043,1,0.0,52.61,100.8,396.37,635.88,48.19,192.77,3.0,10.0,22.0
POS_0044,1,0.0,27.18,87.64,302.13,531.1,41.12,164.47,5.0,12.0,24.0
POS_0045,1,16.32,195.8,251.76,304.98,438.28,97.9,197.29,6.0,9.0,19.0
POS_0046,1,16.43,27.38,60.77,133.39,268.47,22.26,57.13,5.0,10.0,20.0
POS_0047,1,0.0,52.77,69.88,158.07,302.19,33.58,68.75,4.0,9.0,19.0
POS_0048,1,8.42,30.0,102.21,176.61,245.86,47.71,72.21,6.0,8.0,11.0
POS_0049,1,104.15,123.96,209.89,297.52,350.42,104.15,123.96,7.0,10.0,12.0
POS_0050,1,70.0,128.0,202.87,251.07,302.81,70.0,128.0,7.0,12.0,18.0
POS_0051,1,102.56,197.37,209.22,213.19,440.09,102.56,197.37,4.0,4.0,10.0
POS_0052,1,114.88,141.63,268.62,362.33,392.79,114.88,141.63,7.0,9.0,10.0
POS_0053,1,58.0,128.48,263.0,455.37,918.28,58.18,318.19,7.0,10.0,19.0
POS_0054,1,93.13,225.63,343.36,517.89,1056.71,93.13,318.19,7.0,11.0,19.0
POS_0055,1,93.13,225.63,343.36,517.89,1056.71,93.13,318.19,7.0,11.0,19.0
POS_0056,1,93.13,225.63,343.36,517.89,1056.71,93.13,318.19,7.0,11.0,19.0
POS_0057,1,58.0,128.48,263.0,455.37,918.28,58.18,318.19,7.0,10.0,19.0
POS_0058,1,0.0,44.66,106.94,195.07,285.42,36.77,76.57,6.0,9.0,14.0
POS_0059,1,23.41,100.87,180.48,309.3,686.55,61.97,194.15,5.0,12.0,25.0
POS_0060,1,56.61,141.52,208.24,352.05,490.94,56.61,141.52,5.0,11.0,19.0
POS_0061,1,49.5,173.26,239.56,408.06,558.89,74.26,173.26,5.0,11.0,19.0
POS_0062,1,42.59,127.78,194.9,332.39,469.61,44.75,127.78,5.0,11.0,19.0
POS_0063,1,45.59,136.77,193.05,333.45,470.36,45.59,136.77,5.0,12.0,20.0
POS_0064,1,42.59,127.78,194.9,332.39,469.61,44.75,127.78,5.0,11.0,19.0
POS_0065,1,159.34,318.67,393.52,605.99,826.66,159.34,318.67,5.0,11.0,20.0
POS_0066,1,159.34,318.67,393.52,605.99,826.66,159.34,318.67,5.0,11.0,20.0
POS_0067,1,159.34,318.67,393.52,605.99,826.66,159.34,318.67,5.0,11.0,20.0
POS_0068,1,13.84,79.07,114.63,195.47,404.37,41.52,79.07,6.0,11.0,24.0
POS_0069,1,50.84,101.67,151.75,234.58,538.91,50.84,101.67,6.0,11.0,24.0
POS_0070,1,55.2,99.36,144.1,235.74,532.87,55.2,99.36,6.0,12.0,24.0
POS_0071,1,55.2,99.36,144.1,235.74,532.87,55.2,99.36,6.0,12.0,24.0
POS_0072,1,32.61,171.24,333.09,453.5,829.61,81.51,214.8,6.0,12.0,20.0
POS_0073,1,32.61,171.24,333.09,453.5,829.61,81.51,214.8,6.0,12.0,20.0
POS_0074,1,33.41,154.13,306.88,411.87,783.14,71.88,192.6,6.0,12.0,20.0
POS_0075,1,36.23,174.59,334.66,417.87,797.1,75.33,213.69,6.0,11.0,19.0
POS_0076,1,40.31,147.57,306.63,407.88,759.7,74.85,182.11,6.0,12.0,21.0
POS_0077,1,40.31,147.57,306.63,407.88,759.7,74.85,182.11,6.0,12.0,21.0
POS_0078,1,39.61,152.22,302.91,403.89,757.28,70.92,183.52,6.0,12.0,21.0
POS_0079,1,0.0,0.0,0.0,90.64,477.07,0.0,136.96,0.0,2.0,14.0
POS_0080,1,88.77,202.88,302.08,546.76,982.65,88.77,202.88,6.0,13.0,26.0
POS_0081,1,88.77,202.88,302.08,546.76,982.65,88.77,202.88,6.0,13.0,26.0
POS_0082,1,97.36,198.26,294.68,542.09,954.37,97.36,198.26,6.0,13.0,24.0
POS_0083,1,97.36,198.26,294.68,542.09,954.37,97.36,198.26,6.0,13.0,24.0
POS_0084,1,97.36,198.26,294.68,542.09,954.37,97.36,198.26,6.0,13.0,24.0
POS_0085,1,97.36,198.26,294.68,542.09,954.37,97.36,198.26,6.0,13.0,24.0
POS_0086,1,102.09,207.02,295.32,539.86,972.27,102.09,207.02,6.0,13.0,24.0
POS_0087,1,102.09,207.02,295.32,539.86,972.27,102.09,207.02,6.0,13.0,24.0
POS_0088,1,102.09,207.02,295.32,539.86,972.27,102.09,207.02,6.0,13.0,24.0
POS_0089,1,57.57,69.34,129.63,272.42,455.38,57.57,103.19,5.0,10.0,18.0
POS_0090,1,42.23,166.18,230.75,392.7,829.48,77.47,166.18,6.0,12.0,24.0
POS_0091,1,25.65,179.58,240.62,294.33,421.37,89.79,182.41,5.0,10.0,20.0
POS_0092,1,21.71,47.29,117.83,164.68,394.73,25.59,103.05,7.0,10.0,19.0
POS_0093,1,34.29,80.01,140.46,325.36,421.1,45.72,167.12,5.0,10.0,19.0
POS_0094,1,57.15,137.16,197.61,370.99,478.25,57.15,167.12,6.0,10.0,20.0
POS_0095,1,0.0,105.95,131.8,528.75,776.64,54.26,284.38,3.0,9.0,18.0
POS_0096,1,90.75,330.41,352.21,538.68,786.8,130.76,330.41,4.0,11.0,16.0
POS_0097,1,83.91,297.0,334.47,517.58,775.86,112.4,297.0,5.0,11.0,16.0
POS_0098,1,83.91,297.0,334.47,517.58,775.86,112.4,297.0,5.0,11.0,16.0
POS_0099,1,83.91,297.0,334.47,517.58,775.86,112.4,297.0,5.0,11.0,16.0
POS_0100,1,98.03,116.82,198.24,279.84,329.38,98.03,116.82,7.0,9.0,11.0
POS_0101,1,98.03,116.82,198.24,279.84,329.38,98.03,116.82,7.0,9.0,11.0
POS_0102,1,98.03,116.82,198.24,279.84,329.38,98.03,116.82,7.0,9.0,11.0
POS_0103,1,98.03,116.82,198.24,279.84,329.38,98.03,116.82,7.0,9.0,11.0
POS_0104,1,98.03,116.82,198.24,279.84,329.38,98.03,116.82,7.0,9.0,11.0
POS_0105,1,98.03,116.82,198.24,279.84,329.38,98.03,116.82,7.0,9.0,11.0
POS_0106,1,98.03,116.82,198.24,279.84,329.38,98.03,116.82,7.0,9.0,11.0
POS_0107,1,131.53,252.58,411.42,810.63,895.26,131.53,252.58,7.0,14.0,17.0
POS_0108,1,62.82,171.47,303.5,697.32,866.4,62.82,199.86,7.0,15.0,20.0
POS_0109,1,62.82,171.47,303.5,697.32,866.4,62.82,199.86,7.0,15.0,20.0
POS_0110,1,66.58,133.15,299.42,312.7,823.4,99.87,251.16,6.0,7.0,16.0
POS_0111,1,55.13,162.95,296.36,675.88,824.18,61.57,187.41,7.0,14.0,18.0
POS_0112,1,55.13,162.95,296.36,675.88,824.18,61.57,187.41,7.0,14.0,18.0
POS_0113,1,43.97,96.73,256.43,520.89,609.09,61.56,161.12,7.0,14.0,17.0
POS_0114,1,43.97,96.73,256.43,520.89,609.09,61.56,161.12,7.0,14.0,17.0
POS_0115,1,43.97,96.73,256.43,520.89,609.09,61.56,161.12,7.0,14.0,17.0
POS_0116,1,24.75,37.12,46.04,53.9,77.3,24.75,37.12,3.0,4.0,7.0
POS_0117,1,16.7,27.84,35.48,43.0,65.65,16.7,27.84,3.0,4.0,7.0
POS_0118,1,16.7,27.84,35.48,43.0,65.65,16.7,27.84,3.0,4.0,7.0
POS_0119,1,13.53,27.07,34.77,42.78,60.34,13.53,27.07,3.0,4.0,6.0
POS_0120,1,0.0,0.0,0.0,0.0,179.51,0.0,119.67,0.0,0.0,5.0
POS_0121,1,55.67,219.35,298.96,352.76,521.92,95.43,220.54,5.0,8.0,14.0
POS_0122,1,0.0,17.65,117.18,255.41,482.25,70.59,117.17,4.0,9.0,17.0
POS_0123,1,0.0,48.4,114.0,427.49,706.38,27.66,210.47,5.0,11.0,21.0
POS_0124,1,84.33,147.57,168.8,248.13,330.67,84.33,147.57,4.0,9.0,11.0
POS_0125,1,57.92,128.83,269.15,448.08,903.38,69.75,292.17,7.0,12.0,22.0
POS_0126,1,100.46,167.43,189.05,277.78,315.72,100.46,167.43,3.0,8.0,9.0
POS_0127,1,0.0,175.65,215.91,399.26,800.07,105.18,197.61,4.0,9.0,21.0
POS_0128,1,0.0,175.65,215.91,399.26,800.07,105.18,197.61,4.0,9.0,21.0
POS_0129,1,60.39,105.67,105.67,149.77,209.5,60.39,105.67,3.0,8.0,10.0
POS_0130,1,60.39,105.67,105.67,149.77,209.5,60.39,105.67,3.0,8.0,10.0
POS_0131,1,60.39,105.67,105.67,149.77,209.5,60.39,105.67,3.0,8.0,10.0
POS_0132,1,0.0,103.61,155.24,295.92,495.34,80.14,150.75,6.0,11.0,21.0
POS_0133,1,0.0,103.61,155.24,295.92,495.34,80.14,150.75,6.0,11.0,21.0
POS_0134,1,0.0,103.61,155.24,295.92,495.34,80.14,150.75,6.0,11.0,21.0
POS_0135,1,62.92,104.86,125.45,186.88,253.17,62.92,104.86,3.0,8.0,10.0
POS_0136,1,71.19,118.64,136.4,200.0,268.19,71.19,118.64,3.0,8.0,10.0
POS_0137,1,115.37,173.05,191.18,275.31,364.35,115.37,173.05,3.0,8.0,11.0
POS_0138,1,87.91,153.85,212.88,338.52,466.23,87.91,153.85,5.0,11.0,18.0
POS_0139,1,98.09,176.55,244.52,368.2,495.95,98.09,176.55,5.0,11.0,18.0
POS_0140,1,97.97,156.76,222.76,343.17,468.01,97.97,156.76,5.0,11.0,18.0
POS_0141,1,97.97,156.76,222.76,343.17,468.01,97.97,156.76,5.0,11.0,18.0
POS_0142,1,80.14,127.08,178.2,346.17,495.34,80.14,150.75,7.0,12.0,21.0
POS_0143,1,80.14,127.08,178.2,346.17,495.34,80.14,150.75,7.0,12.0,21.0
POS_0144,1,46.38,123.67,182.82,286.66,396.26,46.38,123.67,6.0,13.0,20.0
POS_0145,1,46.38,123.67,182.82,286.66,396.26,46.38,123.67,6.0,13.0,20.0
POS_0146,1,23.77,47.54,121.55,348.22,471.7,23.98,171.75,6.0,11.0,19.0
POS_0147,1,123.76,247.52,336.8,515.09,682.66,123.76,247.52,5.0,11.0,20.0
POS_0148,1,31.51,189.06,255.91,447.69,634.91,94.53,189.06,4.0,10.0,18.0
POS_0149,1,23.77,47.54,121.55,348.22,471.7,23.98,171.75,6.0,11.0,19.0
POS_0150,1,53.2,141.85,218.46,328.22,447.29,53.2,141.85,6.0,12.0,19.0
POS_0151,1,12.33,78.23,158.42,264.0,412.59,33.82,106.7,7.0,10.0,16.0
POS_0152,1,38.96,155.82,264.99,502.55,738.35,116.87,194.47,4.0,10.0,17.0
POS_0153,1,38.96,155.82,264.99,502.55,738.35,116.87,194.47,4.0,10.0,17.0
POS_0154,1,23.77,47.54,121.55,348.22,471.7,23.98,171.75,6.0,11.0,19.0
POS_0155,1,23.77,47.54,121.55,348.22,471.7,23.98,171.75,6.0,11.0,19.0
POS_0156,1,53.2,141.85,218.46,328.22,447.29,53.2,141.85,6.0,12.0,19.0
POS_0157,1,67.2,156.79,212.87,316.81,437.8,67.2,156.79,5.0,11.0,17.0
POS_0158,1,23.96,59.94,95.22,103.83,411.29,23.96,196.0,7.0,8.0,18.0
POS_0159,1,0.0,0.0,37.33,218.01,595.49,18.66,196.44,2.0,7.0,18.0
POS_0160,1,0.0,164.69,198.91,360.75,760.15,84.84,192.3,4.0,10.0,22.0
POS_0161,1,0.0,164.69,198.91,360.75,760.15,84.84,192.3,4.0,10.0,22.0
POS_0162,1,0.0,175.64,207.53,366.38,760.99,101.25,182.35,4.0,10.0,22.0
POS_0163,1,39.06,78.13,138.86,261.45,390.32,45.55,89.49,4.0,10.0,17.0
POS_0164,1,78.13,156.25,216.99,339.57,468.45,78.13,156.25,5.0,11.0,18.0
POS_0165,1,0.0,63.34,76.01,193.39,537.46,38.0,242.47,3.0,11.0,17.0
POS_0166,1,0.0,0.0,205.61,309.68,404.24,76.37,186.26,4.0,10.0,22.0
POS_0167,1,0.0,21.81,54.53,141.55,514.15,21.81,155.11,3.0,6.0,15.0
POS_0168,1,0.0,21.81,54.53,141.55,514.15,21.81,155.11,3.0,6.0,15.0
POS_0169,1,78.13,156.25,216.99,339.57,468.45,78.13,156.25,5.0,11.0,18.0
POS_0170,1,78.13,156.25,216.99,339.57,468.45,78.13,156.25,5.0,11.0,18.0
POS_0171,1,39.06,39.06,99.8,252.22,351.26,45.55,89.49,3.0,10.0,16.0
POS_0172,1,39.06,39.06,99.8,252.22,351.26,45.55,89.49,3.0,10.0,16.0
POS_0173,1,0.0,63.34,76.01,193.39,537.46,38.0,242.47,3.0,11.0,17.0
POS_0174,1,57.49,95.82,95.82,143.44,213.08,57.49,95.82,2.0,7.0,9.0
POS_0175,1,57.49,95.82,95.82,143.44,213.08,57.49,95.82,2.0,7.0,9.0
POS_0176,1,9.96,9.96,11.87,354.02,626.84,9.96,242.47,1.0,7.0,17.0
POS_0177,1,9.96,9.96,11.87,354.02,626.84,9.96,242.47,1.0,7.0,17.0
POS_0178,1,7.77,7.77,14.55,374.16,649.17,7.77,239.13,2.0,8.0,18.0
POS_0179,1,120.28,180.42,240.56,291.49,369.3,120.28,180.42,3.0,8.0,10.0
POS_0180,1,120.28,180.42,240.56,291.49,369.3,120.28,180.42,3.0,8.0,10.0
POS_0181,1,98.6,147.9,197.2,250.88,323.46,98.6,147.9,3.0,8.0,10.0
POS_0182,1,7.65,13.16,54.71,144.96,318.12,12.3,72.64,6.0,12.0,19.0
POS_0183,1,82.46,206.14,297.07,423.58,570.17,82.46,206.14,5.0,11.0,19.0
POS_0184,1,69.94,209.83,333.34,463.89,633.1,93.26,209.83,5.0,11.0,18.0
POS_0185,1,53.42,142.45,212.55,429.44,713.46,70.1,144.75,4.0,11.0,17.0
POS_0186,1,13.62,40.87,99.94,212.24,390.76,27.25,157.27,5.0,8.0,13.0
BG_0001,0,56.72,136.12,160.81,261.37,456.56,56.72,136.12,5.0,10.0,17.0
BG_0002,0,35.44,86.36,137.28,330.96,643.02,50.92,184.95,4.0,9.0,15.0
BG_0003,0,28.56,42.84,63.83,135.63,409.46,28.56,107.24,4.0,9.0,16.0
BG_0004,0,0.0,27.54,149.1,356.98,441.32,45.86,146.58,5.0,11.0,14.0
BG_0005,0,13.36,26.72,51.71,97.04,247.98,24.99,59.07,3.0,5.0,12.0
BG_0006,0,12.68,28.25,59.4,354.11,443.54,15.57,144.65,4.0,10.0,13.0
BG_0007,0,0.0,17.14,112.25,397.53,708.38,35.66,220.24,5.0,10.0,20.0
BG_0008,0,0.0,0.0,0.0,94.31,260.19,0.0,95.31,0.0,3.0,6.0
BG_0009,0,0.0,0.0,78.69,139.35,312.58,48.92,70.3,2.0,4.0,9.0
BG_0010,0,0.0,35.23,117.43,245.89,408.0,35.23,95.48,5.0,8.0,12.0
BG_0011,0,0.0,53.27,71.92,130.15,444.82,38.05,142.28,4.0,7.0,14.0
BG_0012,0,22.22,64.92,64.92,88.88,356.36,22.46,96.52,3.0,4.0,12.0
BG_0013,0,11.36,34.08,58.01,145.58,449.04,22.72,132.04,4.0,8.0,14.0
BG_0014,0,33.42,49.8,87.25,150.57,407.19,37.45,118.33,3.0,7.0,16.0
BG_0015,0,0.0,32.12,61.2,396.32,511.91,32.12,189.81,2.0,10.0,17.0
BG_0016,0,47.21,47.21,193.13,305.21,391.28,68.97,145.92,4.0,7.0,10.0
BG_0017,0,13.29,39.87,98.66,180.16,532.05,19.93,183.39,7.0,13.0,23.0
BG_0018,0,0.0,41.8,89.3,232.26,574.38,37.04,186.33,4.0,7.0,18.0
BG_0019,0,0.0,0.0,229.88,471.8,1010.84,70.34,264.91,4.0,10.0,21.0
BG_0020,0,34.64,69.27,168.23,434.74,800.68,54.43,266.51,5.0,8.0,17.0
BG_0021,0,35.72,62.52,138.65,276.98,562.15,35.72,129.7,6.0,11.0,21.0
BG_0022,0,0.0,0.0,154.27,296.38,580.31,88.16,177.05,4.0,9.0,15.0
BG_0023,0,8.38,8.38,62.92,129.67,362.66,25.15,104.88,4.0,6.0,16.0
BG_0024,0,78.84,118.26,148.55,235.16,383.68,78.84,118.26,4.0,10.0,20.0
BG_0025,0,37.51,37.51,70.98,94.9,133.07,37.51,38.17,4.0,6.0,7.0
BG_0026,0,0.0,0.0,0.0,68.49,224.2,0.0,51.41,0.0,3.0,12.0
BG_0027,0,24.47,57.21,122.68,193.07,193.07,49.1,70.39,5.0,7.0,7.0
BG_0028,0,0.0,0.0,96.2,392.39,447.6,76.96,219.23,2.0,7.0,11.0
BG_0029,0,34.6,34.6,92.34,103.91,216.36,34.6,59.17,4.0,5.0,9.0
BG_0030,0,87.73,131.6,206.98,415.42,747.62,87.73,153.91,5.0,11.0,22.0
BG_0031,0,0.0,0.0,41.95,41.95,90.42,27.97,41.95,2.0,2.0,7.0
BG_0032,0,29.61,78.97,93.04,93.04,213.43,39.48,92.36,4.0,4.0,7.0
BG_0033,0,129.77,199.33,343.88,473.88,819.73,144.55,199.33,4.0,10.0,14.0
BG_0034,0,41.23,41.23,275.88,461.06,540.28,117.32,234.65,4.0,9.0,12.0
BG_0035,0,0.0,0.0,0.0,212.58,248.27,0.0,212.58,0.0,2.0,3.0
BG_0036,0,0.0,43.87,73.11,182.2,308.01,43.87,64.2,3.0,8.0,15.0
BG_0037,0,41.56,69.79,354.24,393.46,775.96,170.67,382.5,4.0,9.0,12.0
BG_0038,0,30.15,120.61,477.11,477.11,651.49,133.02,289.99,6.0,6.0,12.0
BG_0039,0,0.0,0.0,0.0,75.62,233.4,0.0,108.12,0.0,2.0,7.0
BG_0040,0,0.0,20.46,40.93,123.79,273.09,20.46,72.25,2.0,6.0,13.0
BG_0041,0,0.0,57.72,146.78,155.18,624.39,38.48,163.01,6.0,7.0,19.0
BG_0042,0,33.49,145.12,268.23,462.34,740.74,55.82,145.21,7.0,12.0,20.0
BG_0043,0,26.27,50.75,82.18,303.56,558.3,26.27,115.69,5.0,12.0,20.0
BG_0044,0,10.42,72.91,171.8,447.75,825.13,49.45,167.73,6.0,14.0,21.0
BG_0045,0,26.78,40.18,122.51,139.58,514.34,32.91,159.32,6.0,8.0,17.0
BG_0046,0,30.68,153.39,285.58,532.24,958.26,61.36,168.73,6.0,12.0,23.0
BG_0047,0,32.03,64.05,74.73,411.59,835.33,32.03,271.18,4.0,8.0,17.0
BG_0048,0,0.0,66.52,159.65,497.27,906.83,33.26,227.82,6.0,13.0,20.0
BG_0049,0,0.0,144.14,285.79,390.05,706.84,90.09,198.19,5.0,9.0,16.0
BG_0050,0,29.84,59.69,66.24,162.95,255.34,29.84,88.25,4.0,7.0,13.0
BG_0051,0,0.0,58.2,114.49,322.8,594.41,30.06,170.83,5.0,9.0,18.0
BG_0052,0,24.07,96.28,295.49,504.68,1090.89,83.93,220.15,7.0,12.0,24.0
BG_0053,0,16.85,101.1,263.74,434.66,646.5,84.25,168.5,7.0,12.0,19.0
BG_0054,0,0.0,0.0,447.8,663.93,1211.98,205.62,447.8,3.0,6.0,19.0
BG_0055,0,0.0,66.99,206.85,352.75,671.52,66.99,129.87,5.0,9.0,18.0
BG_0056,0,58.03,87.04,212.77,508.67,884.37,58.03,201.44,6.0,13.0,18.0
BG_0057,0,0.0,34.09,166.68,391.0,793.8,79.55,240.25,3.0,8.0,16.0
BG_0058,0,25.32,50.64,50.64,118.97,210.43,25.32,69.59,2.0,5.0,9.0
BG_0059,0,39.45,78.9,245.69,521.58,893.08,72.77,187.26,6.0,9.0,16.0
BG_0060,0,32.77,32.77,276.38,410.71,801.06,114.7,200.67,5.0,10.0,21.0
BG_0061,0,0.0,66.59,208.79,264.69,520.96,131.1,189.95,4.0,6.0,11.0
BG_0062,0,125.14,219.0,258.66,572.13,978.14,125.14,240.14,4.0,10.0,19.0
BG_0063,0,0.0,33.31,203.3,484.07,754.54,55.52,152.62,5.0,12.0,21.0
BG_0064,0,127.06,274.61,302.72,611.48,888.22,127.06,274.61,4.0,9.0,18.0
BG_0065,0,57.58,57.58,258.11,432.68,952.81,86.63,168.5,5.0,11.0,24.0
BG_0066,0,61.14,85.6,132.34,396.25,639.8,61.14,134.12,4.0,10.0,18.0
BG_0067,0,40.3,60.46,144.35,572.14,735.09,63.75,263.12,4.0,10.0,17.0
BG_0068,0,29.25,90.89,220.42,284.55,528.92,97.15,161.28,5.0,6.0,14.0
BG_0069,0,15.3,107.12,182.26,378.49,753.99,61.21,119.21,6.0,12.0,24.0
BG_0070,0,0.0,0.0,61.07,129.38,270.53,30.54,74.57,2.0,5.0,11.0
BG_0071,0,29.31,90.36,253.15,496.48,567.07,101.75,169.6,6.0,11.0,15.0
BG_0072,0,42.14,105.35,212.86,790.78,1253.61,53.75,252.87,6.0,13.0,25.0
BG_0073,0,43.49,85.83,327.1,613.5,696.52,117.69,299.86,6.0,12.0,16.0
BG_0074,0,0.0,144.18,343.78,591.07,1084.78,119.76,263.94,4.0,12.0,20.0
BG_0075,0,36.96,105.1,105.1,489.05,740.48,36.96,177.37,3.0,11.0,17.0
BG_0076,0,0.0,18.08,18.08,81.82,163.88,18.08,63.74,1.0,3.0,6.0
BG_0077,0,42.47,84.95,189.0,390.03,847.3,42.47,179.53,6.0,13.0,22.0
BG_0078,0,17.77,71.07,329.36,484.79,815.55,92.25,202.94,6.0,10.0,17.0
BG_0079,0,49.7,82.83,99.39,246.44,395.93,49.7,98.03,3.0,7.0,14.0
BG_0080,0,16.11,93.95,132.46,371.44,563.96,66.67,184.31,7.0,12.0,16.0
BG_0081,0,0.0,0.0,0.0,308.11,874.58,0.0,227.57,0.0,8.0,21.0
BG_0082,0,16.51,16.51,188.39,546.65,929.1,73.66,210.09,5.0,12.0,19.0
BG_0083,0,0.0,0.0,47.29,316.43,573.02,47.29,171.54,1.0,6.0,11.0
BG_0084,0,31.35,55.7,361.51,582.71,701.32,111.32,281.46,6.0,12.0,16.0
BG_0085,0,187.54,281.31,347.18,879.68,1185.68,187.54,350.75,4.0,11.0,16.0
BG_0086,0,0.0,0.0,88.25,314.57,575.3,29.95,204.44,3.0,7.0,14.0
BG_0087,0,33.08,84.3,84.3,110.99,587.78,34.68,294.8,3.0,4.0,10.0
BG_0088,0,115.59,131.22,162.47,229.77,948.48,115.59,259.76,4.0,6.0,20.0
BG_0089,0,0.0,80.28,216.29,526.63,943.89,64.23,231.9,6.0,12.0,24.0
BG_0090,0,0.0,16.97,135.77,279.15,1080.53,50.91,215.08,4.0,8.0,23.0
BG_0091,0,40.16,40.16,92.17,254.69,719.29,40.16,223.35,5.0,10.0,21.0
BG_0092,0,0.0,0.0,122.4,382.56,835.92,43.56,209.9,4.0,8.0,18.0
BG_0093,0,55.42,105.18,130.07,228.62,694.08,55.42,254.73,5.0,9.0,17.0
BG_0094,0,98.37,163.94,250.21,490.54,1151.45,98.37,228.93,6.0,11.0,23.0
BG_0095,0,0.0,24.75,85.98,141.52,664.46,61.23,266.45,2.0,4.0,15.0
BG_0096,0,72.28,96.38,239.65,672.64,1204.38,107.45,248.77,4.0,11.0,20.0
BG_0097,0,0.0,68.01,251.71,544.42,1362.23,68.01,350.0,6.0,13.0,24.0
BG_0098,0,0.0,65.9,156.75,343.77,767.73,35.62,405.51,5.0,11.0,15.0
BG_0099,0,58.09,116.19,116.19,409.61,867.34,58.09,226.09,2.0,7.0,17.0
BG_0100,0,70.53,264.09,430.12,893.03,1442.52,105.79,386.86,7.0,12.0,24.0
BG_0101,0,42.93,110.4,158.08,261.03,691.56,42.93,181.89,6.0,12.0,23.0
BG_0102,0,15.14,151.35,292.92,464.02,1013.96,75.68,250.16,7.0,12.0,23.0
BG_0103,0,64.85,160.57,286.42,501.81,877.24,71.78,167.5,6.0,10.0,21.0
BG_0104,0,0.0,125.94,189.9,303.96,964.8,125.94,267.18,4.0,8.0,20.0
BG_0105,0,13.23,32.21,155.57,322.67,538.44,47.45,103.94,6.0,11.0,18.0
BG_0106,0,36.31,83.58,185.45,571.23,1035.86,101.87,333.38,4.0,11.0,21.0
BG_0107,0,0.0,60.2,101.9,341.24,718.4,41.7,141.38,4.0,12.0,21.0
BG_0108,0,0.0,213.2,414.79,844.14,1364.37,121.83,333.38,6.0,11.0,24.0
BG_0109,0,0.0,117.58,175.17,755.73,1342.43,59.99,339.88,3.0,10.0,20.0
BG_0110,0,0.0,16.7,249.3,508.25,911.07,83.48,200.36,5.0,13.0,25.0
BG_0111,0,0.0,38.06,235.49,403.54,593.27,76.12,190.3,5.0,11.0,19.0
BG_0112,0,55.87,93.12,278.01,483.29,860.5,73.96,160.24,7.0,13.0,24.0
BG_0113,0,0.0,101.28,175.51,332.13,506.81,67.52,135.05,4.0,10.0,17.0
BG_0114,0,19.96,69.86,136.52,261.05,693.97,35.03,199.28,6.0,11.0,20.0
BG_0115,0,30.5,60.99,60.99,451.32,850.7,30.5,375.18,3.0,7.0,15.0
BG_0116,0,40.12,40.12,81.74,307.45,687.2,41.62,160.85,2.0,8.0,19.0
BG_0117,0,24.13,120.67,168.94,561.97,1195.67,72.4,270.66,5.0,11.0,22.0
BG_0118,0,0.0,24.36,255.96,430.01,654.96,89.08,231.6,5.0,10.0,18.0
BG_0119,0,14.18,70.54,110.69,243.19,520.61,28.18,161.91,5.0,11.0,19.0
BG_0120,0,0.0,49.76,188.94,360.51,729.87,74.64,139.18,5.0,10.0,21.0
BG_0121,0,24.82,24.82,203.54,260.86,709.6,86.06,180.75,5.0,7.0,18.0
BG_0122,0,0.0,0.0,191.46,400.39,887.94,82.06,177.79,4.0,11.0,25.0
BG_0123,0,11.9,32.0,105.55,276.28,731.46,33.34,141.94,5.0,10.0,23.0
BG_0124,0,57.6,181.2,201.8,437.65,625.7,82.4,218.4,4.0,9.0,16.0
BG_0125,0,0.0,40.18,145.68,592.85,965.75,35.17,330.71,6.0,10.0,20.0
BG_0126,0,23.54,82.4,136.2,305.69,697.36,35.31,195.06,7.0,14.0,26.0
BG_0127,0,0.0,0.0,79.39,601.72,1069.71,32.58,352.7,3.0,11.0,24.0
BG_0128,0,11.89,45.96,134.65,383.34,733.81,66.52,166.27,5.0,11.0,21.0
BG_0129,0,21.94,65.83,131.63,541.68,1386.5,65.8,422.74,3.0,9.0,21.0
BG_0130,0,15.62,46.85,125.25,272.54,503.82,30.27,88.0,7.0,15.0,27.0
BG_0131,0,13.99,27.99,141.98,237.41,684.9,48.01,138.0,7.0,11.0,23.0
BG_0132,0,55.5,174.79,445.29,689.51,1143.52,119.29,238.57,7.0,14.0,25.0
BG_0133,0,21.14,105.69,230.5,534.66,1037.87,47.16,186.78,6.0,12.0,23.0
BG_0134,0,0.0,0.0,49.09,380.35,1230.29,16.61,333.8,3.0,9.0,22.0
BG_0135,0,73.88,258.57,258.57,565.33,756.51,147.76,258.57,3.0,9.0,16.0
BG_0136,0,99.59,99.59,142.22,275.45,720.62,99.59,205.91,3.0,6.0,16.0
BG_0137,0,0.0,0.0,88.69,269.05,614.74,66.52,135.97,2.0,6.0,15.0
BG_0138,0,14.38,71.91,122.37,223.06,745.11,57.53,199.2,3.0,6.0,16.0
BG_0139,0,45.62,114.06,281.17,448.59,700.93,68.44,179.84,7.0,12.0,20.0
BG_0140,0,26.14,130.72,130.72,455.06,947.06,78.43,270.28,3.0,7.0,17.0
BG_0141,0,20.25,91.12,101.35,197.21,562.18,70.87,98.15,3.0,9.0,22.0
BG_0142,0,22.7,75.67,168.99,292.9,582.59,45.4,99.98,6.0,12.0,24.0
BG_0143,0,19.45,77.81,77.81,139.92,507.53,38.91,134.23,3.0,5.0,15.0
BG_0144,0,0.0,111.45,111.45,372.11,867.64,92.94,167.44,2.0,9.0,20.0
BG_0145,0,0.0,27.07,207.4,408.8,693.79,54.13,135.33,5.0,13.0,25.0
BG_0146,0,0.0,0.0,134.23,263.46,817.81,80.54,195.79,3.0,7.0,15.0
BG_0147,0,0.0,63.1,234.7,458.57,878.41,78.0,247.1,6.0,10.0,23.0
BG_0148,0,22.23,39.08,171.37,350.1,800.49,50.54,213.19,6.0,13.0,23.0
BG_0149,0,52.97,65.32,127.09,293.95,976.16,52.97,278.99,6.0,10.0,20.0
BG_0150,0,7.16,21.49,21.49,242.59,594.6,14.33,136.67,2.0,9.0,18.0
BG_0151,0,106.57,106.57,142.72,183.49,509.1,106.57,133.64,4.0,7.0,18.0
BG_0152,0,69.71,93.41,200.05,422.74,721.98,82.94,143.46,4.0,12.0,26.0
BG_0153,0,0.0,67.9,203.71,493.14,979.86,90.54,181.07,4.0,10.0,19.0
BG_0154,0,0.0,22.18,45.04,113.09,282.58,22.87,138.52,2.0,5.0,9.0
BG_0155,0,0.0,0.0,14.47,45.93,86.53,14.47,40.6,1.0,2.0,3.0
BG_0156,0,0.0,0.0,0.0,0.0,315.3,0.0,165.33,0.0,0.0,7.0
BG_0157,0,0.0,0.0,0.0,0.0,112.97,0.0,77.75,0.0,0.0,3.0
BG_0158,0,50.18,125.46,125.46,125.46,378.98,75.27,125.46,2.0,2.0,9.0
BG_0159,0,0.0,0.0,0.0,19.68,153.24,0.0,133.56,0.0,1.0,2.0
BG_0160,0,0.0,44.29,44.29,44.29,44.29,38.96,44.29,2.0,2.0,2.0
BG_0161,0,0.0,0.0,0.0,10.35,123.68,0.0,58.4,0.0,1.0,7.0
BG_0162,0,0.0,94.27,294.2,417.47,433.74,94.27,188.54,5.0,7.0,8.0
BG_0163,0,0.0,75.74,75.74,101.4,250.41,75.74,123.35,1.0,2.0,6.0
BG_0164,0,0.0,0.0,18.51,305.84,305.84,18.51,147.46,1.0,7.0,7.0
BG_0165,0,0.0,0.0,0.0,142.24,393.88,0.0,124.72,0.0,3.0,9.0
BG_0166,0,38.32,188.69,215.93,215.93,226.4,109.5,188.69,5.0,5.0,7.0
BG_0167,0,0.0,0.0,34.6,44.8,102.4,28.65,38.07,2.0,4.0,8.0
BG_0168,0,0.0,55.78,140.3,161.43,299.78,55.78,98.04,4.0,5.0,7.0
BG_0169,0,0.0,18.93,31.54,40.7,40.7,12.62,25.23,4.0,5.0,5.0
BG_0170,0,0.0,22.29,220.82,220.82,285.47,176.24,198.53,3.0,3.0,5.0
BG_0171,0,0.0,0.0,0.0,112.3,123.92,0.0,93.4,0.0,2.0,3.0
BG_0172,0,115.7,115.7,394.95,603.03,974.9,144.41,375.53,3.0,8.0,16.0
BG_0173,0,0.0,54.84,132.4,218.35,396.74,44.65,77.56,5.0,9.0,23.0
BG_0174,0,13.78,51.78,70.78,409.92,490.11,19.0,222.29,4.0,8.0,11.0
BG_0175,0,0.0,21.6,50.61,54.25,153.27,21.6,56.93,3.0,3.0,8.0
BG_0176,0,20.52,123.1,167.7,167.7,283.86,102.59,123.1,5.0,5.0,9.0
BG_0177,0,16.4,32.79,213.97,302.57,395.63,82.8,181.18,5.0,7.0,10.0
BG_0178,0,0.0,70.44,70.44,277.81,532.89,46.96,207.37,2.0,5.0,16.0
BG_0179,0,39.84,79.68,163.72,349.03,585.84,42.02,165.51,5.0,10.0,15.0
BG_0180,0,0.0,11.41,75.84,171.86,447.69,53.02,158.08,3.0,6.0,15.0
BG_0181,0,10.38,24.92,24.92,313.53,486.83,14.54,224.5,2.0,5.0,8.0
BG_0182,0,11.42,22.84,131.1,525.3,671.79,36.09,251.3,5.0,11.0,16.0
BG_0183,0,16.84,67.37,152.17,218.42,345.9,33.69,105.31,7.0,9.0,12.0
BG_0184,0,0.0,17.99,17.99,84.49,168.9,17.99,66.51,1.0,4.0,9.0
BG_0185,0,0.0,65.19,65.19,241.79,306.24,65.19,95.36,1.0,6.0,8.0
BG_0186,0,23.79,23.79,90.9,287.41,549.51,33.56,145.46,3.0,10.0,15.0
BG_0187,0,0.0,23.51,248.59,347.3,501.33,94.03,201.57,5.0,8.0,14.0
BG_0188,0,11.84,11.84,11.84,47.71,73.29,11.84,35.88,1.0,3.0,5.0
BG_0189,0,45.43,57.34,86.73,113.34,138.76,45.43,57.34,7.0,10.0,12.0
BG_0190,0,10.82,10.82,67.1,234.2,396.75,28.14,167.1,3.0,6.0,14.0
BG_0191,0,10.9,21.79,56.61,183.24,760.54,11.96,368.57,5.0,9.0,19.0
BG_0192,0,0.0,54.63,95.58,168.36,250.45,34.16,75.1,4.0,8.0,15.0
BG_0193,0,22.5,30.31,30.31,172.52,253.48,22.5,142.21,2.0,5.0,8.0
BG_0194,0,0.0,0.0,18.94,116.82,294.24,18.94,115.57,1.0,4.0,8.0
BG_0195,0,0.0,0.0,0.0,94.94,143.06,0.0,81.38,0.0,4.0,5.0
BG_0196,0,0.0,54.07,54.07,102.07,102.07,36.05,54.07,2.0,4.0,4.0
BG_0197,0,0.0,21.95,63.85,196.36,320.12,41.9,132.5,2.0,5.0,7.0
BG_0198,0,9.15,32.67,54.21,355.42,684.06,14.36,247.98,6.0,14.0,21.0
BG_0199,0,20.48,20.48,263.0,277.16,500.54,122.9,236.2,4.0,5.0,10.0
BG_0200,0,0.0,0.0,76.98,154.84,222.11,59.6,77.86,2.0,4.0,6.0
BG_0201,0,36.22,36.22,112.86,227.06,473.36,76.64,159.13,2.0,6.0,13.0
BG_0202,0,96.3,117.87,150.33,150.33,575.2,96.3,227.09,6.0,6.0,11.0
BG_0203,0,0.0,0.0,0.0,74.86,290.04,0.0,70.12,0.0,2.0,12.0
BG_0204,0,0.0,34.44,97.39,97.39,272.93,62.95,71.91,2.0,2.0,8.0
BG_0205,0,0.0,29.51,112.55,112.55,286.44,33.48,142.21,5.0,5.0,9.0
BG_0206,0,133.02,149.65,149.65,175.31,602.6,133.02,236.49,2.0,3.0,9.0
BG_0207,0,0.0,0.0,104.75,374.38,672.87,69.83,269.63,2.0,5.0,14.0
BG_0208,0,0.0,0.0,54.15,108.3,282.84,54.15,108.3,1.0,2.0,8.0
BG_0209,0,24.48,183.06,219.27,343.85,699.13,122.38,183.95,4.0,6.0,16.0
BG_0210,0,29.28,146.41,203.52,294.68,328.65,87.85,146.41,6.0,8.0,10.0
BG_0211,0,0.0,125.04,249.34,464.76,636.25,93.22,156.12,4.0,10.0,16.0
BG_0212,0,0.0,61.64,115.32,195.53,513.42,44.95,194.48,6.0,7.0,12.0
BG_0213,0,18.88,24.35,24.35,153.29,228.79,18.88,128.94,2.0,5.0,8.0
BG_0214,0,41.05,51.32,96.0,214.51,351.13,41.05,76.14,5.0,13.0,23.0
BG_0215,0,0.0,0.0,42.12,70.21,99.7,21.63,42.12,3.0,5.0,7.0
BG_0216,0,41.99,104.98,225.63,339.65,904.05,60.33,347.3,5.0,11.0,19.0
BG_0217,0,0.0,0.0,0.0,163.62,353.15,0.0,163.62,0.0,3.0,10.0
BG_0218,0,32.72,160.31,364.4,407.8,855.42,95.69,211.82,7.0,11.0,17.0
BG_0219,0,0.0,66.25,118.64,365.11,550.32,33.13,190.91,4.0,10.0,13.0
BG_0220,0,0.0,70.71,124.78,210.91,292.6,49.09,92.34,5.0,9.0,16.0
BG_0221,0,47.73,47.73,61.09,149.79,200.41,47.73,56.87,2.0,5.0,9.0
BG_0222,0,0.0,0.0,36.75,110.26,287.46,36.75,121.72,1.0,3.0,8.0
BG_0223,0,0.0,53.8,90.96,90.96,265.98,53.8,79.48,2.0,2.0,10.0
BG_0224,0,44.22,44.22,103.74,254.79,433.08,59.52,151.04,2.0,4.0,10.0
BG_0225,0,43.88,43.88,169.99,263.18,344.15,82.23,126.11,3.0,5.0,7.0
BG_0226,0,0.0,0.0,70.37,70.37,126.15,44.71,70.37,2.0,2.0,7.0
BG_0227,0,27.83,111.34,470.02,666.19,763.72,165.54,303.5,7.0,11.0,13.0
BG_0228,0,0.0,0.0,0.88,214.68,581.98,0.88,191.16,0.0,7.0,15.0
BG_0229,0,0.0,19.59,39.19,163.8,282.17,19.59,108.15,2.0,7.0,13.0
BG_0230,0,31.35,73.16,295.83,746.74,1349.17,95.43,280.7,7.0,13.0,25.0
BG_0231,0,18.79,58.18,77.88,147.91,147.91,19.7,58.18,5.0,8.0,8.0
BG_0232,0,0.0,0.0,6.33,56.51,195.78,3.69,82.72,2.0,6.0,17.0
BG_0233,0,109.95,109.95,145.54,263.3,453.1,109.95,109.95,2.0,6.0,15.0
BG_0234,0,65.73,207.74,321.34,523.05,1183.78,85.2,311.19,5.0,12.0,22.0
BG_0235,0,0.0,42.93,120.76,326.53,722.38,42.93,213.41,5.0,9.0,20.0
BG_0236,0,16.77,50.3,113.93,371.62,897.89,33.53,264.43,5.0,12.0,24.0
BG_0237,0,26.56,94.73,133.24,245.13,432.19,54.53,94.73,6.0,11.0,16.0
BG_0238,0,0.0,63.97,188.78,323.21,474.51,47.98,105.82,6.0,10.0,13.0
BG_0239,0,0.0,0.0,150.38,208.4,969.84,69.62,465.23,4.0,8.0,16.0
BG_0240,0,80.03,96.04,107.64,249.75,508.25,80.03,146.08,3.0,10.0,17.0
BG_0241,0,70.25,70.25,146.62,433.98,801.84,70.25,175.14,3.0,11.0,24.0
BG_0242,0,0.0,46.43,46.43,158.78,451.4,46.43,104.94,1.0,3.0,12.0
BG_0243,0,0.0,198.02,247.52,747.85,1019.61,148.51,301.57,3.0,9.0,17.0
BG_0244,0,71.33,153.28,153.28,302.98,815.84,71.33,379.17,3.0,7.0,12.0
BG_0245,0,63.4,63.4,72.12,435.56,933.14,63.4,225.69,2.0,10.0,24.0
BG_0246,0,28.68,57.36,220.86,220.86,342.18,81.75,163.49,6.0,6.0,9.0
BG_0247,0,32.83,32.83,103.55,179.29,501.0,40.41,173.54,4.0,9.0,19.0
BG_0248,0,24.43,48.86,78.74,123.46,421.21,29.88,106.13,4.0,6.0,18.0
BG_0249,0,0.0,68.38,82.7,244.8,505.56,39.74,122.52,3.0,8.0,17.0
BG_0250,0,140.86,211.29,281.73,539.46,916.19,140.86,211.29,3.0,9.0,19.0
BG_0251,0,0.0,47.58,189.72,286.74,1212.95,71.07,267.07,4.0,7.0,22.0
BG_0252,0,25.03,112.18,155.75,426.33,897.96,87.15,363.28,3.0,8.0,16.0
BG_0253,0,11.73,72.42,97.94,245.05,458.6,35.18,105.77,4.0,9.0,18.0
BG_0254,0,0.0,0.0,0.0,523.07,891.24,0.0,247.66,0.0,7.0,14.0
BG_0255,0,0.0,0.0,94.19,206.38,891.78,94.19,277.8,1.0,4.0,17.0
BG_0256,0,0.0,30.79,154.5,388.3,1023.59,61.58,321.6,4.0,10.0,21.0
BG_0257,0,16.88,63.93,117.03,342.35,904.07,53.1,192.6,4.0,9.0,19.0
BG_0258,0,0.0,45.51,165.76,347.49,1059.86,83.65,365.51,4.0,8.0,20.0
BG_0259,0,21.92,21.92,75.11,327.4,659.97,53.19,151.26,2.0,9.0,17.0
BG_0260,0,108.58,144.77,329.93,528.43,1152.68,108.58,258.45,6.0,9.0,21.0
BG_0261,0,0.0,76.78,105.83,268.0,893.24,43.58,235.61,4.0,9.0,22.0
BG_0262,0,40.38,141.33,362.27,608.48,1111.61,165.71,276.18,5.0,12.0,19.0
BG_0263,0,0.0,306.07,516.93,698.28,1191.47,204.05,403.39,5.0,11.0,22.0
BG_0264,0,0.0,0.0,151.39,616.97,1478.09,85.36,396.14,2.0,9.0,20.0
BG_0265,0,0.0,90.77,136.16,600.0,1094.49,45.39,240.78,3.0,9.0,20.0
BG_0266,0,30.98,54.19,259.1,505.16,907.05,92.85,212.16,6.0,11.0,19.0
BG_0267,0,0.0,68.35,122.92,375.24,840.2,54.57,173.21,3.0,8.0,19.0
BG_0268,0,12.67,50.68,193.11,311.05,945.39,75.96,305.88,6.0,8.0,19.0
BG_0269,0,16.15,72.66,105.87,275.58,736.21,56.52,195.99,4.0,11.0,22.0
BG_0270,0,17.54,94.25,197.81,538.05,1205.16,59.18,326.39,6.0,11.0,23.0
BG_0271,0,10.43,68.67,212.99,419.36,769.58,144.32,191.0,4.0,8.0,17.0
BG_0272,0,6.35,72.31,191.53,299.2,674.97,59.61,159.46,5.0,10.0,18.0
BG_0273,0,0.0,37.01,92.67,227.4,724.15,18.55,183.56,5.0,11.0,22.0
BG_0274,0,0.0,50.99,86.61,212.11,685.86,50.99,174.57,4.0,9.0,18.0
BG_0275,0,31.71,95.84,119.21,339.29,993.95,41.53,170.1,5.0,12.0,26.0
BG_0276,0,34.7,57.84,213.39,360.98,768.32,103.7,155.55,4.0,7.0,18.0
BG_0277,0,97.16,97.16,219.51,343.14,874.7,97.16,179.68,4.0,10.0,23.0
BG_0278,0,15.69,86.61,133.9,491.25,925.43,70.93,200.21,4.0,12.0,22.0
BG_0279,0,0.0,24.09,73.48,386.32,945.04,41.37,304.59,3.0,8.0,18.0
BG_0280,0,5.99,5.99,104.99,327.92,482.88,51.67,165.35,5.0,12.0,20.0
BG_0281,0,9.72,68.04,147.19,288.63,761.34,48.6,232.59,6.0,11.0,21.0
BG_0282,0,44.65,44.65,148.84,359.81,649.74,59.53,178.6,4.0,10.0,17.0
BG_0283,0,0.0,0.0,108.85,227.07,682.47,43.54,310.66,3.0,9.0,19.0
BG_0284,0,0.0,30.08,60.12,237.59,574.82,15.06,174.81,4.0,8.0,16.0
BG_0285,0,51.26,51.26,120.0,139.26,263.35,51.26,55.93,5.0,7.0,21.0
BG_0286,0,0.0,0.0,26.33,131.93,499.5,26.33,229.31,1.0,4.0,11.0
BG_0287,0,11.82,74.4,136.99,212.23,449.05,37.55,121.16,6.0,9.0,16.0
BG_0288,0,0.0,0.0,0.0,90.75,277.24,0.0,130.87,0.0,2.0,8.0
BG_0289,0,0.0,15.59,69.54,69.54,69.54,16.4,46.84,5.0,5.0,5.0
BG_0290,0,22.84,45.67,97.0,214.04,298.67,51.33,79.59,3.0,9.0,11.0
BG_0291,0,73.43,73.43,73.43,73.43,148.29,73.43,73.43,1.0,1.0,5.0
BG_0292,0,0.0,0.0,26.76,80.45,116.29,26.76,53.68,1.0,2.0,3.0
BG_0293,0,0.0,25.26,86.13,158.81,246.64,32.01,92.88,3.0,5.0,12.0
BG_0294,0,0.0,15.27,160.65,247.58,357.0,116.31,145.38,3.0,7.0,12.0
BG_0295,0,0.0,4.94,44.83,158.06,267.7,17.06,109.64,5.0,9.0,11.0
BG_0296,0,0.0,0.0,38.8,90.75,160.98,38.8,39.48,1.0,5.0,10.0
BG_0297,0,0.0,7.44,40.35,44.86,134.19,18.02,55.4,3.0,4.0,7.0
BG_0298,0,34.65,80.86,110.79,224.4,390.42,46.2,87.92,4.0,10.0,20.0
BG_0299,0,18.43,47.28,102.1,249.99,249.99,28.85,121.93,4.0,9.0,9.0
BG_0300,0,0.0,0.0,87.77,109.34,216.13,55.43,77.81,2.0,4.0,8.0
BG_0301,0,0.0,0.0,29.63,133.92,168.19,29.63,53.79,1.0,5.0,7.0
BG_0302,0,0.0,45.19,45.19,45.19,105.84,27.83,60.66,2.0,2.0,4.0
BG_0303,0,0.0,0.0,0.0,34.17,104.22,0.0,50.95,0.0,3.0,7.0
BG_0304,0,0.0,0.0,0.0,0.0,144.68,0.0,46.42,0.0,0.0,7.0
BG_0305,0,45.18,45.18,45.18,88.31,150.21,45.18,45.18,1.0,3.0,10.0
BG_0306,0,19.59,78.37,97.96,171.49,204.68,39.18,78.37,4.0,6.0,7.0
BG_0307,0,0.0,0.0,42.41,270.91,290.57,21.21,228.5,2.0,5.0,7.0
BG_0308,0,0.0,0.0,0.0,114.75,200.9,0.0,83.28,0.0,2.0,7.0
BG_0309,0,7.07,73.75,112.06,150.36,629.04,38.3,308.69,4.0,5.0,12.0
BG_0310,0,0.0,60.52,99.85,151.56,405.95,30.26,87.08,6.0,10.0,20.0
BG_0311,0,25.3,63.24,135.01,269.33,410.25,37.94,88.69,5.0,8.0,13.0
BG_0312,0,12.73,63.63,85.35,196.04,337.1,50.9,74.26,4.0,12.0,20.0
BG_0313,0,0.0,105.35,126.43,135.15,187.59,105.35,105.35,2.0,3.0,5.0
BG_0314,0,0.0,0.0,0.0,74.59,98.16,0.0,74.59,0.0,2.0,5.0
BG_0315,0,28.39,28.39,28.39,92.27,150.48,28.39,54.16,1.0,4.0,7.0
BG_0316,0,0.0,0.0,0.0,69.94,147.89,0.0,69.94,0.0,2.0,7.0
BG_0317,0,7.69,46.16,97.01,144.23,144.23,50.85,89.32,3.0,5.0,5.0
BG_0318,0,0.0,0.0,193.43,292.65,411.4,91.76,193.43,3.0,6.0,10.0
BG_0319,0,0.0,0.0,0.0,76.95,157.96,0.0,81.01,0.0,2.0,4.0
BG_0320,0,0.0,0.0,83.51,177.13,199.56,83.51,83.51,1.0,5.0,8.0
BG_0321,0,0.0,0.0,0.0,133.91,177.82,0.0,117.02,0.0,3.0,6.0
BG_0322,0,32.38,43.66,122.62,248.13,544.13,33.84,131.35,5.0,9.0,16.0
BG_0323,0,50.69,50.69,76.04,239.66,481.78,50.69,96.46,2.0,6.0,15.0
BG_0324,0,0.0,0.0,56.55,86.92,179.44,28.28,56.55,2.0,5.0,13.0
BG_0325,0,0.0,0.0,131.64,163.59,335.89,95.8,131.64,2.0,3.0,11.0
BG_0326,0,0.0,18.67,56.0,99.62,174.64,37.33,64.12,2.0,4.0,7.0
BG_0327,0,0.0,0.0,129.49,236.49,311.86,114.81,148.57,2.0,7.0,12.0
BG_0328,0,0.0,0.0,0.0,0.0,156.48,0.0,95.32,0.0,0.0,7.0
BG_0329,0,0.0,0.0,0.0,103.54,267.77,0.0,120.29,0.0,7.0,12.0
BG_0330,0,43.94,65.91,103.13,145.17,159.16,43.94,65.91,5.0,8.0,10.0
BG_0331,0,0.0,0.0,0.0,44.5,277.3,0.0,80.13,0.0,2.0,11.0
BG_0332,0,0.0,6.48,109.01,197.28,443.03,45.57,79.75,5.0,9.0,19.0
BG_0333,0,46.49,61.98,77.48,77.48,197.35,46.49,119.87,3.0,3.0,5.0
BG_0334,0,0.0,0.0,21.69,54.03,192.83,21.69,66.98,1.0,3.0,9.0
BG_0335,0,0.0,11.12,40.74,187.3,271.23,18.51,87.63,3.0,8.0,15.0
BG_0336,0,8.97,24.29,24.29,115.26,152.43,8.97,69.69,3.0,6.0,9.0
BG_0337,0,18.08,18.08,144.96,181.75,398.19,90.39,126.88,3.0,4.0,14.0
BG_0338,0,63.31,63.31,106.61,163.35,197.78,63.31,63.31,3.0,4.0,5.0
BG_0339,0,0.0,129.17,129.17,307.82,453.86,68.96,129.17,2.0,9.0,16.0
BG_0340,0,0.0,123.36,123.36,259.31,425.96,67.74,123.36,2.0,9.0,17.0
BG_0341,0,34.15,70.12,104.55,183.7,231.53,34.15,79.15,6.0,8.0,10.0
BG_0342,0,8.03,22.7,29.43,120.48,196.22,8.36,91.05,4.0,6.0,9.0
BG_0343,0,130.36,138.47,195.22,261.02,302.04,130.36,138.47,5.0,11.0,14.0
BG_0344,0,0.0,0.0,5.16,15.47,97.04,5.16,45.26,1.0,2.0,10.0
BG_0345,0,0.0,0.0,0.0,56.47,154.21,0.0,66.78,0.0,1.0,9.0
BG_0346,0,0.0,13.61,33.21,74.14,171.08,7.64,81.86,5.0,6.0,11.0
BG_0347,0,0.0,71.54,308.15,364.64,386.71,84.73,212.76,6.0,8.0,10.0
BG_0348,0,0.0,0.0,0.0,55.62,241.47,0.0,82.21,0.0,4.0,16.0
BG_0349,0,3.34,35.0,121.25,233.46,325.82,36.97,112.21,6.0,9.0,16.0
BG_0350,0,0.0,40.69,53.08,53.08,62.87,28.31,53.08,3.0,3.0,4.0
BG_0351,0,0.0,0.0,84.24,84.24,125.02,56.47,84.24,2.0,2.0,6.0
BG_0352,0,6.73,36.68,72.87,72.87,181.72,23.89,52.81,6.0,6.0,11.0
BG_0353,0,0.0,0.0,0.0,274.62,337.04,0.0,235.39,0.0,4.0,9.0
BG_0354,0,6.45,22.84,65.91,100.79,282.76,34.88,93.31,4.0,5.0,8.0
BG_0355,0,19.36,74.05,121.91,235.5,431.47,38.73,91.08,6.0,9.0,16.0
BG_0356,0,0.0,0.0,120.18,120.18,265.03,96.14,96.14,2.0,2.0,9.0
BG_0357,0,0.0,0.0,310.33,371.66,511.93,102.69,276.1,4.0,6.0,16.0
BG_0358,0,15.38,38.46,58.22,166.89,402.97,19.77,193.42,4.0,9.0,13.0
BG_0359,0,12.95,26.89,66.53,120.69,120.69,20.9,49.23,5.0,9.0,9.0
BG_0360,0,0.0,0.0,216.57,351.08,569.49,80.44,197.62,4.0,9.0,21.0
BG_0361,0,33.99,67.99,117.2,117.2,256.05,36.91,83.21,4.0,4.0,10.0
BG_0362,0,20.67,68.08,68.08,188.26,287.06,26.75,96.14,3.0,5.0,9.0
BG_0363,0,0.0,0.0,28.3,262.31,393.2,16.98,114.38,3.0,11.0,16.0
BG_0364,0,6.19,26.91,65.05,146.13,400.04,25.43,253.9,5.0,8.0,11.0
BG_0365,0,16.25,24.38,83.55,167.55,545.04,34.03,139.4,6.0,10.0,20.0
BG_0366,0,19.84,19.84,19.84,314.51,387.78,19.84,214.3,1.0,6.0,11.0
BG_0367,0,10.76,10.76,10.76,98.38,149.07,10.76,56.73,1.0,3.0,6.0
BG_0368,0,7.24,15.83,76.26,109.71,324.25,60.43,120.19,3.0,8.0,19.0
BG_0369,0,8.3,48.01,99.82,189.65,526.4,25.91,289.71,6.0,10.0,14.0
BG_0370,0,47.97,47.97,92.26,187.47,286.36,47.97,76.17,3.0,5.0,8.0
BG_0371,0,0.0,0.0,249.95,351.12,608.43,89.27,205.85,4.0,11.0,15.0
BG_0372,0,5.19,18.39,58.43,146.87,368.67,16.02,127.14,7.0,9.0,14.0
BG_0373,0,0.0,0.0,70.27,135.18,286.01,70.27,70.27,1.0,3.0,10.0
BG_0374,0,0.0,0.0,35.2,164.27,323.42,21.12,104.19,3.0,7.0,11.0
BG_0375,0,0.0,12.81,73.17,90.27,90.27,28.6,47.55,5.0,8.0,8.0
BG_0376,0,0.0,0.0,28.87,82.79,250.05,24.5,98.17,2.0,10.0,16.0
BG_0377,0,16.87,33.73,164.52,342.98,549.25,58.13,130.79,6.0,11.0,16.0
BG_0378,0,27.36,82.07,102.53,126.82,293.13,27.36,82.07,6.0,8.0,17.0
BG_0379,0,10.52,21.05,80.1,124.87,350.77,59.05,225.89,3.0,5.0,8.0
BG_0380,0,0.0,0.0,76.22,116.64,354.69,38.11,92.6,2.0,6.0,17.0
BG_0381,0,21.47,21.47,79.56,249.43,436.72,23.24,151.54,4.0,8.0,13.0
BG_0382,0,78.23,261.08,283.94,419.67,707.76,114.28,261.08,4.0,10.0,19.0
BG_0383,0,0.0,11.73,99.89,299.93,423.64,39.73,93.17,5.0,10.0,12.0
BG_0384,0,77.74,164.58,253.03,447.57,636.38,77.74,164.58,6.0,13.0,19.0
BG_0385,0,44.57,74.29,74.29,225.18,294.06,44.57,100.66,3.0,7.0,11.0
BG_0386,0,13.52,25.35,25.35,126.15,392.97,13.52,199.0,2.0,7.0,10.0
BG_0387,0,20.68,38.37,73.76,158.15,423.3,20.68,183.25,4.0,10.0,14.0
BG_0388,0,13.84,69.22,96.91,229.3,445.43,41.53,83.06,4.0,10.0,20.0
BG_0389,0,14.57,21.86,39.02,62.21,374.31,17.16,136.85,3.0,7.0,21.0
BG_0390,0,0.0,22.71,102.21,311.27,529.14,34.07,128.86,5.0,12.0,21.0
BG_0391,0,0.0,0.0,97.89,374.34,650.73,39.16,193.09,3.0,10.0,16.0
BG_0392,0,16.71,16.71,108.1,395.04,623.56,45.7,150.34,3.0,11.0,17.0
BG_0393,0,40.2,91.15,134.13,200.76,357.2,40.2,91.15,6.0,11.0,19.0
BG_0394,0,27.06,46.42,69.66,169.83,394.5,27.06,141.78,6.0,11.0,19.0
BG_0395,0,46.4,61.87,150.01,322.55,608.31,57.21,126.52,4.0,11.0,19.0
BG_0396,0,33.79,33.79,85.76,197.3,548.91,33.79,175.42,3.0,7.0,16.0
BG_0397,0,19.4,82.78,144.23,365.25,704.14,38.8,111.65,7.0,15.0,25.0
BG_0398,0,28.74,28.74,94.68,199.39,586.9,28.74,209.16,4.0,10.0,20.0
BG_0399,0,16.23,33.52,87.83,215.42,413.88,17.29,96.97,6.0,10.0,19.0
BG_0400,0,14.39,14.39,75.56,138.23,408.86,42.38,169.44,3.0,5.0,13.0
BG_0401,0,0.0,17.26,103.53,228.21,308.52,34.51,74.77,5.0,12.0,16.0
BG_0402,0,0.0,42.84,126.87,252.77,540.7,50.41,148.66,4.0,11.0,21.0
BG_0403,0,37.95,37.95,80.11,199.22,453.61,42.16,109.79,2.0,5.0,14.0
BG_0404,0,28.98,43.46,100.22,279.83,561.27,28.98,107.7,5.0,11.0,21.0
BG_0405,0,13.18,52.32,98.34,212.1,564.81,29.35,169.21,6.0,10.0,20.0
BG_0406,0,21.15,42.31,86.31,272.92,480.52,21.15,131.07,5.0,11.0,19.0
BG_0407,0,20.35,100.93,141.22,291.42,489.15,53.72,107.44,5.0,11.0,20.0
BG_0408,0,0.0,45.11,45.11,188.74,338.92,45.11,76.09,1.0,7.0,14.0
BG_0409,0,15.38,39.85,76.55,147.4,462.01,24.47,133.54,4.0,7.0,19.0
BG_0410,0,31.14,102.72,173.49,211.5,546.83,40.44,125.71,6.0,9.0,22.0
BG_0411,0,0.0,24.29,48.58,114.0,469.2,24.29,138.33,2.0,5.0,14.0
BG_0412,0,18.45,18.45,78.37,115.06,290.36,20.87,98.83,4.0,6.0,13.0
BG_0413,0,0.0,44.39,69.76,234.35,327.61,31.71,85.25,3.0,10.0,14.0
BG_0414,0,0.0,53.47,173.7,342.01,578.37,53.47,157.01,4.0,9.0,18.0
BG_0415,0,12.37,48.65,120.39,212.58,539.01,35.87,104.02,6.0,11.0,22.0
BG_0416,0,17.51,29.18,71.56,196.39,435.23,17.51,92.02,6.0,11.0,18.0
BG_0417,0,0.0,0.0,31.25,93.13,251.71,15.62,47.69,3.0,7.0,17.0
BG_0418,0,0.0,28.51,71.28,146.82,469.52,14.26,121.67,5.0,10.0,19.0
BG_0419,0,9.12,18.25,36.49,154.87,404.96,9.12,105.71,4.0,8.0,17.0
BG_0420,0,0.0,115.48,172.77,295.26,599.01,115.48,172.77,3.0,10.0,19.0
BG_0421,0,13.31,26.63,55.83,147.68,287.14,17.52,60.69,4.0,10.0,21.0
BG_0422,0,31.49,78.72,189.28,362.82,644.07,47.4,147.61,6.0,12.0,22.0
BG_0423,0,0.0,12.02,44.84,236.68,343.31,20.8,124.8,3.0,9.0,15.0
BG_0424,0,0.0,0.0,42.39,96.51,254.72,17.89,78.59,3.0,6.0,14.0
BG_0425,0,1.78,5.04,34.01,98.17,199.53,8.95,38.91,4.0,11.0,23.0
BG_0426,0,34.48,45.97,70.42,280.1,670.53,34.48,126.79,4.0,11.0,23.0
BG_0427,0,0.0,9.29,66.5,126.79,280.17,28.6,76.33,4.0,9.0,19.0
BG_0428,0,13.24,36.5,90.77,112.37,181.09,31.01,47.79,5.0,8.0,12.0
BG_0429,0,9.69,22.09,46.88,198.77,714.27,12.39,175.67,4.0,9.0,20.0
BG_0430,0,31.16,62.32,94.1,159.54,291.9,31.16,62.32,5.0,11.0,18.0
BG_0431,0,13.24,31.86,78.41,214.4,411.77,27.93,64.25,6.0,12.0,19.0
BG_0432,0,0.0,5.9,40.77,95.52,253.75,29.51,101.95,3.0,9.0,15.0
BG_0433,0,27.33,27.33,65.2,124.13,263.74,27.33,58.93,3.0,4.0,15.0
BG_0434,0,0.0,0.0,72.99,149.02,315.03,48.66,72.99,2.0,9.0,20.0
BG_0435,0,0.0,12.49,68.7,206.68,453.7,31.23,88.35,3.0,9.0,21.0
BG_0436,0,16.25,32.5,131.73,316.14,540.08,40.04,133.46,5.0,13.0,23.0
BG_0437,0,21.03,28.04,68.08,94.88,164.84,21.03,40.03,5.0,9.0,20.0
BG_0438,0,0.0,23.12,23.12,201.06,322.37,15.41,122.83,2.0,9.0,19.0
BG_0439,0,0.0,24.29,60.72,153.57,491.0,36.43,132.16,2.0,8.0,21.0
BG_0440,0,0.0,51.57,77.16,125.59,240.95,51.57,52.14,3.0,8.0,15.0
BG_0441,0,0.0,0.0,110.81,166.93,323.11,83.11,83.11,2.0,5.0,17.0
BG_0442,0,8.12,64.98,105.08,212.35,310.5,32.49,73.92,5.0,10.0,15.0
BG_0443,0,0.0,18.88,61.13,61.13,235.49,21.12,91.64,6.0,6.0,15.0
BG_0444,0,25.01,25.01,106.56,183.18,375.27,65.24,89.11,3.0,7.0,16.0
BG_0445,0,0.0,77.46,77.46,77.46,214.52,58.1,77.46,2.0,2.0,9.0
BG_0446,0,0.0,0.0,0.0,329.98,512.99,0.0,233.57,0.0,5.0,14.0
BG_0447,0,0.0,0.0,0.0,53.13,236.64,0.0,92.75,0.0,4.0,13.0
BG_0448,0,0.0,0.0,10.16,108.51,115.29,10.16,71.15,1.0,7.0,8.0
BG_0449,0,0.0,58.79,112.63,112.63,112.63,53.84,112.63,3.0,3.0,3.0
BG_0450,0,0.0,15.31,131.2,248.88,248.88,46.65,117.68,4.0,7.0,7.0
BG_0451,0,0.0,36.13,74.11,168.27,289.18,24.09,60.4,6.0,10.0,17.0
BG_0452,0,0.0,0.0,0.0,0.0,158.54,0.0,123.54,0.0,0.0,4.0
BG_0453,0,27.08,40.63,59.15,138.73,301.08,27.08,81.46,5.0,10.0,19.0
BG_0454,0,21.28,79.05,107.43,107.43,112.83,36.48,86.15,4.0,4.0,5.0
BG_0455,0,0.0,129.02,129.02,129.02,384.72,77.41,129.02,2.0,2.0,8.0
BG_0456,0,134.96,183.79,297.73,297.73,312.3,134.96,183.79,6.0,6.0,7.0
BG_0457,0,0.0,0.0,0.0,27.34,443.82,0.0,182.79,0.0,1.0,10.0
BG_0458,0,0.0,0.0,113.58,151.29,162.51,75.72,107.15,3.0,5.0,6.0
BG_0459,0,13.0,19.5,19.5,92.76,135.25,13.0,68.6,2.0,4.0,9.0
BG_0460,0,0.0,0.0,9.99,95.92,95.92,9.99,80.35,1.0,5.0,5.0
BG_0461,0,24.59,24.59,30.06,79.71,182.15,24.59,93.57,2.0,3.0,7.0
BG_0462,0,45.67,45.67,45.67,45.67,51.52,45.67,45.67,1.0,1.0,2.0
BG_0463,0,0.0,0.0,0.0,69.97,181.84,0.0,116.61,0.0,1.0,5.0
BG_0464,0,0.0,0.0,50.73,50.73,169.49,50.73,92.66,1.0,1.0,6.0
BG_0465,0,23.53,42.45,51.91,94.59,255.84,23.53,113.7,3.0,4.0,11.0
BG_0466,0,29.12,29.12,167.86,394.03,533.36,59.95,139.89,4.0,11.0,20.0
BG_0467,0,0.0,0.0,68.02,162.25,162.25,31.54,78.46,3.0,7.0,7.0
BG_0468,0,4.7,4.7,40.91,40.91,181.8,24.75,140.88,3.0,3.0,5.0
BG_0469,0,47.46,106.79,106.79,194.04,546.99,47.46,106.79,3.0,5.0,17.0
BG_0470,0,0.0,0.0,67.7,353.2,361.76,67.7,155.56,1.0,7.0,9.0
BG_0471,0,0.0,1.02,32.21,322.54,541.85,12.57,202.98,4.0,10.0,16.0
BG_0472,0,0.0,0.0,33.54,47.62,169.1,11.18,49.94,3.0,6.0,15.0
BG_0473,0,0.0,0.0,76.1,146.41,401.0,25.65,149.18,3.0,7.0,11.0
BG_0474,0,0.0,0.0,193.77,208.68,562.76,74.53,163.96,4.0,5.0,15.0
BG_0475,0,11.05,55.23,99.77,324.46,469.7,44.54,129.9,3.0,8.0,12.0
BG_0476,0,25.31,75.94,127.47,238.05,612.22,26.22,129.84,5.0,9.0,21.0
BG_0477,0,0.0,0.0,58.54,111.46,214.35,30.19,51.31,3.0,8.0,14.0
BG_0478,0,0.0,0.0,123.07,166.67,347.54,68.37,123.07,3.0,4.0,11.0
BG_0479,0,110.33,195.8,195.8,354.25,443.53,110.33,195.8,2.0,7.0,10.0
BG_0480,0,0.0,0.0,0.0,43.17,181.56,0.0,121.23,0.0,3.0,7.0
BG_0481,0,133.17,133.17,133.17,215.28,215.28,133.17,133.17,1.0,2.0,2.0
BG_0482,0,0.0,0.0,98.31,109.69,213.14,40.96,81.93,4.0,5.0,11.0
BG_0483,0,6.68,25.29,125.05,305.28,336.26,44.34,103.84,5.0,11.0,13.0
BG_0484,0,0.0,72.39,135.41,195.29,755.64,72.39,233.76,4.0,10.0,22.0
BG_0485,0,50.52,50.52,50.52,193.76,237.88,50.52,92.59,1.0,6.0,9.0
BG_0486,0,0.0,0.0,0.0,21.88,165.44,0.0,92.29,0.0,1.0,6.0
BG_0487,0,10.43,10.43,51.57,74.41,225.74,20.86,87.46,4.0,7.0,14.0
BG_0488,0,34.99,59.04,143.21,178.66,264.38,60.12,84.17,6.0,8.0,11.0
BG_0489,0,0.0,0.0,286.53,286.53,696.03,153.09,286.53,3.0,3.0,8.0
BG_0490,0,0.0,26.76,85.06,85.06,154.98,30.04,69.92,6.0,6.0,8.0
BG_0491,0,0.0,0.0,52.88,89.21,131.65,52.88,77.1,1.0,3.0,7.0
BG_0492,0,16.23,16.23,16.23,296.01,313.83,16.23,142.57,1.0,7.0,8.0
BG_0493,0,29.33,58.65,145.7,306.18,364.58,43.52,116.42,5.0,10.0,15.0
BG_0494,0,0.0,20.59,45.24,181.36,295.44,20.59,78.82,3.0,10.0,15.0
BG_0495,0,7.7,23.09,94.2,219.6,473.38,28.44,82.58,6.0,11.0,22.0
BG_0496,0,30.84,61.69,108.35,169.23,264.26,31.24,61.69,4.0,7.0,13.0
BG_0497,0,0.0,0.0,23.97,45.51,153.42,15.98,54.85,2.0,3.0,7.0
BG_0498,0,7.92,23.6,36.64,101.17,159.14,8.38,64.53,5.0,7.0,11.0
BG_0499,0,36.99,82.52,93.9,123.09,255.51,45.53,82.52,3.0,4.0,10.0
BG_0500,0,0.0,0.0,0.0,569.78,588.29,0.0,347.62,0.0,7.0,8.0
BG_0501,0,0.0,0.0,0.0,140.16,445.56,0.0,186.24,0.0,4.0,12.0
BG_0502,0,24.6,98.4,159.91,159.91,406.68,49.2,123.0,5.0,5.0,14.0
BG_0503,0,39.99,39.99,94.36,262.85,754.95,39.99,206.54,3.0,9.0,23.0
BG_0504,0,27.31,63.73,93.67,253.25,445.23,36.41,107.43,3.0,8.0,18.0
BG_0505,0,0.0,19.37,134.01,284.22,425.38,38.74,96.84,5.0,10.0,17.0
BG_0506,0,22.61,22.61,28.14,138.23,418.42,22.61,147.68,2.0,5.0,15.0
BG_0507,0,25.97,31.27,45.95,177.48,357.48,25.97,150.84,3.0,9.0,12.0
BG_0508,0,0.0,21.19,21.19,274.25,700.94,21.19,205.02,1.0,6.0,18.0
BG_0509,0,0.0,17.51,49.18,247.83,528.08,25.34,175.49,3.0,11.0,16.0
BG_0510,0,0.0,24.4,81.31,198.06,276.11,28.45,62.26,4.0,11.0,13.0
BG_0511,0,0.0,16.06,174.23,274.17,389.21,80.29,148.94,4.0,8.0,17.0
BG_0512,0,39.31,52.41,122.17,169.53,238.58,46.5,82.86,4.0,5.0,8.0
BG_0513,0,27.62,96.68,216.87,471.56,829.65,66.12,180.59,7.0,13.0,24.0
BG_0514,0,38.24,57.36,158.83,295.82,458.48,57.36,118.94,6.0,9.0,19.0
BG_0515,0,15.4,15.4,56.8,144.74,292.89,41.4,99.61,2.0,5.0,9.0
BG_0516,0,0.0,62.08,131.13,179.85,291.26,51.79,113.87,4.0,5.0,9.0
BG_0517,0,0.0,94.01,214.1,448.95,801.94,60.05,158.52,5.0,11.0,23.0
BG_0518,0,15.9,73.01,92.19,182.06,260.63,48.27,84.95,7.0,11.0,15.0
BG_0519,0,4.36,32.91,58.85,205.23,325.76,20.03,121.54,5.0,10.0,16.0
BG_0520,0,0.0,71.45,404.56,504.77,760.82,128.12,307.48,5.0,9.0,13.0
BG_0521,0,5.27,16.4,27.52,143.26,276.78,11.13,70.57,3.0,10.0,18.0
BG_0522,0,0.0,36.42,204.77,360.11,393.76,72.1,175.52,4.0,10.0,12.0
BG_0523,0,36.61,102.37,313.59,541.72,875.03,98.65,197.3,7.0,12.0,21.0
BG_0524,0,0.0,0.0,34.57,130.15,377.71,17.29,141.36,2.0,7.0,14.0
BG_0525,0,0.0,0.0,254.59,386.2,633.17,110.82,254.59,3.0,7.0,19.0
BG_0526,0,46.0,69.01,156.56,330.09,609.84,64.55,163.46,4.0,8.0,14.0
BG_0527,0,28.29,59.41,59.41,221.16,352.54,31.13,117.82,2.0,6.0,11.0
BG_0528,0,80.09,134.69,243.88,386.94,578.2,80.09,134.69,4.0,7.0,20.0
BG_0529,0,23.19,104.12,311.41,400.99,668.32,57.58,161.23,7.0,12.0,20.0
BG_0530,0,27.05,81.23,81.23,212.62,335.97,36.12,114.15,3.0,6.0,12.0
BG_0531,0,0.0,23.01,112.44,335.65,488.3,30.93,152.58,6.0,12.0,17.0
BG_0532,0,10.16,40.66,125.13,255.68,469.93,32.07,124.26,5.0,9.0,15.0
BG_0533,0,13.48,52.21,110.31,361.9,849.3,58.1,192.6,3.0,8.0,20.0
BG_0534,0,50.43,67.24,103.55,196.79,320.02,50.43,85.8,4.0,8.0,13.0
BG_0535,0,0.0,73.07,73.07,320.4,570.79,43.48,150.64,2.0,8.0,17.0
BG_0536,0,14.42,25.35,36.27,168.7,525.16,14.42,171.88,3.0,7.0,18.0
BG_0537,0,0.0,46.61,120.28,372.17,527.77,46.61,134.07,4.0,12.0,22.0
BG_0538,0,0.0,0.0,183.54,394.44,702.57,78.66,183.54,3.0,8.0,16.0
BG_0539,0,0.0,0.0,26.73,318.45,588.63,26.73,179.18,1.0,7.0,17.0
BG_0540,0,0.0,0.0,70.66,245.71,571.95,35.33,204.59,2.0,6.0,14.0
BG_0541,0,16.35,57.64,107.33,355.7,762.88,33.12,216.12,5.0,10.0,24.0
BG_0542,0,41.92,66.5,135.98,300.76,576.71,41.92,116.73,5.0,10.0,19.0
BG_0543,0,0.0,84.66,413.24,552.24,1025.9,141.1,294.49,6.0,11.0,22.0
BG_0544,0,0.0,96.2,96.2,305.11,662.55,57.43,143.55,2.0,7.0,15.0
BG_0545,0,0.0,0.0,237.89,279.75,391.75,108.13,237.89,3.0,7.0,15.0
BG_0546,0,0.0,52.83,112.92,297.64,489.35,30.05,139.32,4.0,11.0,20.0
BG_0547,0,0.0,118.54,143.93,252.79,589.51,71.12,118.54,3.0,8.0,23.0
BG_0548,0,69.33,69.33,99.86,208.83,515.44,69.33,116.13,2.0,7.0,20.0
BG_0549,0,71.0,182.75,182.75,267.9,356.08,71.0,182.75,3.0,6.0,10.0
BG_0550,0,16.4,72.29,121.19,302.15,900.89,55.89,310.1,4.0,8.0,19.0
BG_0551,0,49.88,149.63,202.32,439.59,822.45,49.88,157.94,6.0,13.0,21.0
BG_0552,0,0.0,27.84,69.59,151.79,374.92,27.84,155.41,3.0,5.0,13.0
BG_0553,0,0.0,11.25,11.25,286.84,610.15,11.25,175.03,1.0,5.0,14.0
BG_0554,0,30.69,85.55,239.02,452.88,821.35,57.46,191.52,5.0,10.0,18.0
BG_0555,0,18.28,18.28,107.92,207.15,636.33,71.71,156.32,3.0,7.0,19.0
BG_0556,0,0.0,30.05,104.44,224.63,336.71,45.08,121.74,4.0,10.0,14.0
BG_0557,0,44.13,102.68,179.79,331.98,754.21,58.95,160.33,6.0,11.0,22.0
BG_0558,0,13.95,139.46,341.7,537.26,845.45,83.68,178.64,7.0,12.0,19.0
